--  Sample employee database ,,,,,,,,
--  See changelog table for details,,,,,,,,
"--  Copyright (C) 2007,2008, MySQL AB",,,,,,,,
--  ,,,,,,,,
--  Original data created by Fusheng Wang and Carlo Zaniolo,,,,,,,,
--  http://www.cs.aau.dk/TimeCenter/software.htm,,,,,,,,
--  http://www.cs.aau.dk/TimeCenter/Data/employeeTemporalDataSet.zip,,,,,,,,
-- ,,,,,,,,
--  Current schema by Giuseppe Maxia ,,,,,,,,
--  Data conversion from XML to relational by Patrick Crews,,,,,,,,
-- ,,,,,,,,
-- This work is licensed under the ,,,,,,,,
-- Creative Commons Attribution-Share Alike 3.0 Unported License. ,,,,,,,,
"-- To view a copy of this license, visit ",,,,,,,,
-- http://creativecommons.org/licenses/by-sa/3.0/ or send a letter to ,,,,,,,,
"-- Creative Commons, 171 Second Street, Suite 300, San Francisco, ",,,,,,,,
"-- California, 94105, USA.",,,,,,,,
-- ,,,,,,,,
--  DISCLAIMER,,,,,,,,
"--  To the best of our knowledge, this data is fabricated, and",,,,,,,,
--  it does not correspond to real people. ,,,,,,,,
--  Any similarity to existing people is purely coincidental.,,,,,,,,
--,,,,,,,,
emp_no,first_name,last_name,birth_date,gender,title,salary,latest_start_date,end_of_contract_date
10001,Georgi,Facello,02/09/1953,M,Senior Engineer,60117,22/06/2010,01/01/9999
10002,Bezalel,Simmel,02/06/1964,F,Staff,65828,02/08/2001,01/01/9999
10003,Parto,Bamford,03/12/1959,M,Senior Engineer,40006,01/12/2001,01/01/9999
10004,Chirstian,Koblick,01/05/1954,M,Engineer,40054,27/11/2001,01/01/9999
10005,Kyoichi,Maliniak,21/01/1955,M,Senior Staff,78228,09/09/2001,01/01/9999
10006,Anneke,Preusig,20/04/1953,F,Senior Engineer,40000,02/08/2001,01/01/9999
10007,Tzvetan,Zielinski,23/05/1957,F,Senior Staff,56724,07/02/2002,01/01/9999
10008,Saniya,Kalloufi,19/02/1958,M,Assistant Engineer,46671,10/03/2000,31/07/2000
10009,Sumant,Peac,19/04/1952,F,Assistant Engineer,60929,14/02/2002,01/01/9999
10010,Duangkaew,Piveteau,01/06/1963,F,Engineer,72488,23/11/2001,01/01/9999
10011,Mary,Sluis,07/11/1953,F,Staff,42365,21/01/1996,09/11/1996
10012,Patricio,Bridgland,04/10/1960,M,Engineer,40000,16/12/2001,01/01/9999
10013,Eberhardt,Terkki,07/06/1963,M,Senior Staff,40000,16/10/2001,01/01/9999
10014,Berni,Genin,12/02/1956,M,Engineer,46168,27/12/2001,01/01/9999
10015,Guoxiang,Nooteboom,19/08/1959,M,Senior Staff,40000,19/09/1992,22/08/1993
10016,Kazuhito,Cappelletti,02/05/1961,M,Staff,70889,10/02/2002,01/01/9999
10017,Cristinel,Bouloucos,06/07/1958,F,Senior Staff,71380,01/08/2002,01/01/9999
10018,Kazuhide,Peha,19/06/1954,F,Engineer,55881,30/03/2002,01/01/9999
10019,Lillian,Haddadi,23/01/1953,M,Staff,44276,29/04/2002,01/01/9999
10020,Mayuko,Warwick,24/12/1952,M,Engineer,40000,29/12/2001,01/01/9999
10021,Ramzi,Erde,20/02/1960,M,Technique Leader,55025,06/02/2002,15/07/2002
10022,Shahaf,Famili,08/07/1952,M,Engineer,40000,02/09/2001,01/01/9999
10023,Bojan,Montemayor,29/09/1953,F,Engineer,47883,26/09/2001,01/01/9999
10024,Suzette,Pettey,05/09/1958,F,Assistant Engineer,83733,13/06/2002,01/01/9999
10025,Prasadram,Heyers,31/10/1958,M,Technique Leader,40000,14/08/1997,15/10/1997
10026,Yongqiao,Berztiss,03/04/1953,M,Engineer,47585,18/03/2002,01/01/9999
10027,Divier,Reistad,10/07/1962,F,Engineer,40000,31/03/2002,01/01/9999
10028,Domenick,Tempesti,26/11/1963,M,Engineer,48859,20/10/1997,06/04/1998
10029,Otmar,Herbst,13/12/1956,M,Engineer,63163,15/09/2001,01/01/9999
10030,Elvis,Demeyer,14/07/1958,M,Engineer,66956,15/02/2002,01/01/9999
10031,Karsten,Joslin,27/01/1959,M,Engineer,40000,29/08/2001,01/01/9999
10032,Jeong,Reistad,09/08/1960,F,Engineer,48426,17/06/2002,01/01/9999
10033,Arif,Merlo,14/11/1956,M,Technique Leader,51258,16/03/1993,24/03/1993
10034,Bader,Swan,29/12/1962,M,Staff,47561,11/04/1999,31/10/1999
10035,Alain,Chappelet,08/02/1953,M,Engineer,41538,02/09/2001,01/01/9999
10036,Adamantios,Portugali,10/08/1959,M,Senior Staff,42819,26/04/2002,01/01/9999
10037,Pradeep,Makrucki,22/07/1963,M,Engineer,40000,02/12/2001,01/01/9999
10038,Huan,Lortz,20/07/1960,M,Senior Staff,40000,17/09/2001,01/01/9999
10039,Alejandro,Brender,01/10/1959,M,Senior Staff,40000,15/01/2002,01/01/9999
10040,Weiyi,Meriste,13/09/1959,F,Engineer,52153,12/02/2002,01/01/9999
10041,Uri,Lenart,27/08/1959,F,Senior Staff,56893,09/11/2001,01/01/9999
10042,Magy,Stamatiou,26/02/1956,F,Senior Staff,81662,19/03/2000,10/08/2000
10043,Yishay,Tzvieli,19/09/1960,M,Engineer,49324,17/10/2001,01/01/9999
10044,Mingsen,Casley,21/09/1961,F,Technique Leader,40919,19/05/2002,01/01/9999
10045,Moss,Shanbhogue,14/08/1957,M,Engineer,41971,15/11/2001,01/01/9999
10046,Lucien,Rosenbaum,23/07/1960,M,Senior Staff,40000,18/06/2002,01/01/9999
10047,Zvonko,Nyanchama,29/06/1952,M,Engineer,54982,28/03/2002,01/01/9999
10048,Florian,Syrotiuk,11/07/1963,M,Engineer,40000,24/02/1986,27/01/1987
10049,Basil,Tramer,24/04/1961,F,Senior Staff,40000,02/05/2002,01/01/9999
10050,Yinghua,Dredge,21/05/1958,M,Senior Staff,74366,22/12/2001,01/01/9999
10051,Hidefumi,Caine,28/07/1953,M,Engineer,48817,13/10/2001,01/01/9999
10052,Heping,Nitsch,26/02/1961,M,Senior Staff,57212,30/01/2002,01/01/9999
10053,Sanjiv,Zschoche,13/09/1954,F,Senior Staff,67854,11/11/2001,01/01/9999
10054,Mayumi,Schueller,04/04/1957,M,Senior Staff,40000,27/07/2002,01/01/9999
10055,Georgy,Dredge,06/06/1956,M,Staff,80024,27/04/1995,22/07/1995
10056,Brendon,Bernini,01/09/1961,F,Engineer,48857,29/01/2002,01/01/9999
10057,Ebbe,Callaway,30/05/1954,F,Engineer,49616,12/01/2002,01/01/9999
10058,Berhard,McFarlin,01/10/1954,M,Senior Staff,52787,22/04/2002,01/01/9999
10059,Alejandro,McAlpine,19/09/1953,F,Senior Staff,71218,23/06/2002,01/01/9999
10060,Breannda,Billingsley,15/10/1961,M,Senior Staff,74686,25/05/2002,01/01/9999
10061,Tse,Herber,19/10/1962,M,Senior Staff,68577,29/11/2001,01/01/9999
10062,Anoosh,Peyn,02/11/1961,M,Engineer,55685,27/08/2001,01/01/9999
10063,Gino,Leonhardt,06/08/1952,F,Senior Engineer,40000,04/04/2002,01/01/9999
10064,Udi,Jansch,07/04/1959,M,Staff,40000,19/11/1991,02/03/1992
10065,Satosi,Awdeh,14/04/1963,M,Engineer,40000,23/05/2002,01/01/9999
10066,Kwee,Schusler,13/11/1952,M,Assistant Engineer,69736,22/02/2002,01/01/9999
10067,Claudi,Stavenow,07/01/1953,M,Engineer,44642,28/02/2002,01/01/9999
10068,Charlene,Brattka,26/11/1962,M,Senior Staff,87964,03/08/2001,01/01/9999
10069,Margareta,Bierman,06/09/1960,F,Technique Leader,67932,12/06/2002,01/01/9999
10070,Reuven,Garigliano,20/08/1955,M,Technique Leader,55999,10/10/2001,01/01/9999
10071,Hisao,Lipner,21/01/1958,M,Staff,40000,03/08/2001,01/01/9999
10072,Hironoby,Sidou,15/05/1952,F,Engineer,40000,18/05/2002,01/01/9999
10073,Shir,McClurg,23/02/1954,M,Engineer,56473,02/02/1998,22/02/1998
10074,Mokhtar,Bernatsky,28/08/1955,F,Technique Leader,61714,10/08/2001,01/01/9999
10075,Gao,Dolinsky,09/03/1960,F,Senior Engineer,43815,14/05/2000,15/01/2001
10076,Erez,Ritzmann,13/06/1952,F,Senior Engineer,47319,14/07/2002,01/01/9999
10077,Mona,Azuma,18/04/1964,M,Staff,40000,21/12/2001,01/01/9999
10078,Danel,Mondadori,25/12/1959,F,Engineer,47280,27/09/2001,01/01/9999
10079,Kshitij,Gils,05/10/1961,F,Technique Leader,53492,11/12/2001,01/01/9999
10080,Premal,Baek,03/12/1957,M,Senior Staff,54916,26/09/2001,01/01/9999
10081,Zhongwei,Rosen,17/12/1960,M,Engineer,55786,26/10/2001,01/01/9999
10082,Parviz,Lortz,09/09/1963,M,Staff,48935,03/01/1990,15/01/1990
10083,Vishv,Zockler,23/07/1959,M,Engineer,40000,27/03/2002,01/01/9999
10084,Tuval,Kalloufi,25/05/1960,M,Engineer,69811,13/12/2001,01/01/9999
10085,Kenroku,Malabarba,07/11/1962,M,Senior Engineer,40000,06/04/2002,01/01/9999
10086,Somnath,Foote,19/11/1962,M,Senior Staff,81613,16/02/2002,01/01/9999
10087,Xinglin,Eugenio,23/07/1959,F,Staff,96750,07/05/2000,09/01/2001
10088,Jungsoon,Syrzycki,25/02/1954,F,Senior Staff,65957,30/08/2001,01/01/9999
10089,Sudharsan,Flasterstein,21/03/1963,F,Senior Staff,56469,07/01/2002,01/01/9999
10090,Kendra,Hofting,30/05/1961,M,Senior Engineer,44978,11/03/1999,07/05/1999
10091,Amabile,Gomatam,04/10/1955,M,Engineer,40000,16/11/2001,01/01/9999
10092,Valdiodio,Niizuma,18/10/1964,F,Engineer,53977,21/04/2002,01/01/9999
10093,Sailaja,Desikan,11/06/1964,M,Staff,67856,07/06/2002,01/01/9999
10094,Arumugam,Ossenbruggen,25/05/1957,F,Senior Staff,58001,15/04/1997,08/11/1997
10095,Hilari,Morton,03/01/1965,M,Senior Staff,63668,08/03/2002,01/01/9999
10096,Jayson,Mandell,16/09/1954,M,Engineer,61395,22/01/2002,01/01/9999
10097,Remzi,Waschkowski,27/02/1952,M,Senior Staff,44886,12/09/2001,01/01/9999
10098,Sreekrishna,Servieres,23/09/1961,F,Engineer,40000,11/05/1992,11/12/1992
10099,Valter,Sullins,25/05/1956,F,Senior Staff,68781,15/10/2001,01/01/9999
10100,Hironobu,Haraldson,21/04/1953,F,Senior Staff,54398,17/09/2001,01/01/9999
10101,Perla,Heyers,15/04/1952,F,Staff,66591,14/10/1999,23/09/2000
10102,Paraskevi,Luby,04/11/1959,F,Assistant Engineer,44380,31/12/2001,01/01/9999
10103,Akemi,Birch,26/11/1953,M,Engineer,68158,11/01/2002,01/01/9999
10104,Xinyu,Warwick,19/11/1961,M,Senior Staff,45312,12/04/2002,01/01/9999
10105,Hironoby,Piveteau,05/02/1962,M,Staff,59258,16/05/2001,11/06/2001
10106,Eben,Aingworth,29/08/1952,M,Engineer,62928,24/10/2001,01/01/9999
10107,Dung,Baca,13/06/1956,F,Senior Staff,93159,29/03/2002,01/01/9999
10108,Lunjin,Giveon,07/04/1952,M,Staff,40000,19/03/2001,20/10/2001
10109,Mariusz,Prampolini,25/11/1958,F,Engineer,40000,14/06/2002,01/01/9999
10110,Xuejia,Ullian,07/03/1957,F,Senior Staff,46836,18/08/2001,01/01/9999
10111,Hugo,Rosis,29/08/1963,F,Engineer,40000,16/12/2001,01/01/9999
10112,Yuichiro,Swick,13/08/1963,F,Staff,49500,30/04/2002,01/01/9999
10113,Jaewon,Syrzycki,13/11/1963,M,Engineer,69856,13/09/2001,01/01/9999
10114,Munir,Demeyer,16/02/1957,F,Senior Staff,49593,15/07/2002,01/01/9999
10115,Chikara,Rissland,25/12/1964,M,Staff,40000,02/03/1992,24/05/1992
10116,Dayanand,Czap,26/08/1955,F,Senior Engineer,44034,26/02/1998,01/11/1998
10117,Kiyotoshi,Blokdijk,24/10/1961,F,Senior Engineer,52284,17/03/2002,01/01/9999
10118,Zhonghui,Zyda,29/03/1957,F,Senior Engineer,40000,30/01/2002,01/01/9999
10119,Domenick,Peltason,01/12/1960,M,Engineer,53551,08/12/1996,30/10/1997
10120,Armond,Fairtlough,26/03/1960,F,Engineer,46292,05/07/2002,01/01/9999
10121,Guoxiang,Ramsay,14/07/1962,M,Engineer,43772,30/04/2002,01/01/9999
10122,Ohad,Esposito,19/01/1965,M,Technique Leader,42284,05/08/2001,01/01/9999
10123,Hinrich,Randi,12/05/1962,M,Assistant Engineer,71524,13/01/2002,01/01/9999
10124,Geraldo,Marwedel,23/05/1962,M,Engineer,40583,02/09/2001,01/01/9999
10125,Syozo,Hiltgen,13/09/1957,F,Staff,58249,25/10/1995,25/03/1996
10126,Kayoko,Valtorta,07/08/1954,M,Senior Staff,40000,04/09/2001,01/01/9999
10127,Subir,Baja,24/02/1952,F,Senior Engineer,40000,14/05/2002,01/01/9999
10128,Babette,Lamba,15/02/1958,F,Senior Staff,40000,03/06/2002,01/01/9999
10129,Armond,Peir,02/12/1955,M,Technique Leader,40000,14/01/2002,01/01/9999
10130,Nishit,Casperson,27/04/1955,M,Senior Engineer,40000,18/06/2002,01/01/9999
10131,Magdalena,Eldridge,19/02/1952,M,Engineer,48475,17/09/1999,06/12/1999
10132,Ayakannu,Skrikant,15/12/1956,M,Staff,61590,17/06/2002,01/01/9999
10133,Giri,Isaak,12/12/1963,M,Engineer,40000,11/12/2001,01/01/9999
10134,Diederik,Siprelle,15/04/1953,M,Engineer,40000,08/12/2001,01/01/9999
10135,Nathan,Monkewich,23/12/1956,M,Assistant Engineer,40000,01/01/2002,01/01/9999
10136,Zissis,Pintelas,14/09/1961,M,Senior Staff,82420,11/06/1999,20/09/1999
10137,Maren,Hutton,30/07/1959,M,Senior Staff,40000,14/02/2002,01/01/9999
10138,Perry,Shimshoni,24/04/1955,M,Engineer,53574,01/03/2002,01/01/9999
10139,Ewing,Foong,03/03/1963,F,Engineer,40000,14/03/2002,01/01/9999
10140,Yucel,Auria,11/03/1957,F,Senior Staff,61352,11/03/2002,01/01/9999
10141,Shahaf,Ishibashi,17/01/1960,F,Senior Staff,62907,22/07/2002,01/01/9999
10142,Tzvetan,Hettesheimer,29/08/1956,M,Engineer,40000,26/10/2001,01/01/9999
10143,Sakthirel,Bakhtari,16/07/1961,M,Engineer,40000,27/09/2001,01/01/9999
10144,Marla,Brendel,17/06/1959,M,Senior Staff,56720,12/10/1992,10/08/1993
10145,Akemi,Esposito,30/03/1956,F,Engineer,47612,02/11/2001,01/01/9999
10146,Chenyi,Syang,12/01/1959,M,Staff,60394,28/06/1990,07/09/1990
10147,Kazuhito,Encarnacion,13/10/1964,M,Senior Staff,40000,14/12/2001,01/01/9999
10148,Douadi,Azumi,04/10/1957,M,Staff,63021,14/07/2002,01/01/9999
10149,Xiadong,Perry,20/05/1953,F,Staff,88740,28/01/1996,27/08/1996
10150,Zhenbing,Perng,29/01/1955,F,Engineer,70122,12/11/2001,01/01/9999
10151,Itzchak,Lichtner,06/03/1959,M,Senior Staff,90741,10/12/2001,01/01/9999
10152,Jaques,Munro,01/12/1954,F,Engineer,40000,27/01/1987,03/08/1987
10153,Heekeun,Majewski,15/12/1955,M,Assistant Engineer,54246,07/01/2002,01/01/9999
10154,Abdulah,Thibadeau,17/01/1957,F,Staff,40000,22/10/2001,01/01/9999
10155,Adas,Nastansky,07/12/1959,M,Senior Staff,40040,02/01/2002,01/01/9999
10156,Sumali,Fargier,19/09/1964,M,Engineer,49879,12/05/2002,01/01/9999
10157,Nigel,Aloisi,23/04/1954,M,Senior Engineer,48770,09/12/2001,01/01/9999
10158,Khedija,Mitsuhashi,01/04/1958,M,Engineer,40725,31/05/2002,01/01/9999
10159,Serif,Buescher,03/03/1955,M,Senior Engineer,52881,11/06/2002,01/01/9999
10160,Debatosh,Khasidashvili,18/10/1953,M,Senior Staff,91622,04/12/2001,01/01/9999
10161,Hairong,Mellouli,06/04/1953,F,Engineer,43149,08/06/1993,05/01/1994
10162,Florina,Eugenio,05/10/1957,M,Engineer,40000,26/05/2002,01/01/9999
10163,Karsten,Szmurlo,17/09/1952,M,Senior Staff,41603,30/01/2002,01/01/9999
10164,Jagoda,Braunmuhl,19/01/1956,M,Engineer,52043,16/10/2001,01/01/9999
10165,Miyeon,Macedo,16/06/1960,M,Senior Staff,43991,14/05/2002,01/01/9999
10166,Samphel,Siegrist,10/05/1953,F,Engineer,51586,01/09/2001,01/01/9999
10167,Duangkaew,Rassart,23/05/1958,M,Engineer,56990,02/04/2002,01/01/9999
10168,Dharmaraja,Stassinopoulos,11/09/1964,M,Senior Staff,51818,02/12/2001,01/01/9999
10169,Sampalli,Snedden,03/05/1961,F,Engineer,70303,27/06/2002,01/01/9999
10170,Kasturi,Jenevein,03/10/1960,F,Engineer,47183,01/01/1989,06/02/1989
10171,Herbert,Trachtenberg,11/09/1957,M,Technique Leader,41311,04/08/2001,01/01/9999
10172,Shigeu,Matzen,25/03/1957,F,Engineer,41197,03/02/2002,01/01/9999
10173,Shrikanth,Mahmud,28/10/1962,M,Senior Staff,85757,19/03/2002,01/01/9999
10174,Badri,Furudate,15/05/1959,M,Engineer,59520,28/05/2002,01/01/9999
10175,Aleksandar,Ananiadou,11/01/1960,F,Staff,72285,23/09/1994,24/05/1995
10176,Brendon,Lenart,24/01/1957,F,Senior Staff,54635,20/12/2001,01/01/9999
10177,Pragnesh,Iisaka,08/11/1954,M,Staff,48041,06/02/1994,17/03/1994
10178,Valery,Litvinov,13/03/1963,M,Staff,50568,19/03/2002,01/01/9999
10179,Deniz,Duclos,25/11/1961,F,Engineer,40000,24/01/2002,01/01/9999
10180,Shaw,Wendorf,29/01/1956,M,Senior Staff,52444,29/06/2002,01/01/9999
10181,Sibyl,Nooteboom,22/01/1963,M,Senior Engineer,40000,19/06/2002,01/01/9999
10182,Moriyoshi,Merey,04/02/1961,F,Engineer,40380,30/08/2001,01/01/9999
10183,Mechthild,Bonifati,17/10/1954,M,Staff,40000,10/08/2001,01/01/9999
10184,Mihalis,Lowrie,22/05/1957,M,Staff,48586,25/12/2001,01/01/9999
10185,Duro,Sidhu,05/12/1959,F,Senior Staff,68334,25/02/2002,01/01/9999
10186,Shigehito,Kropatsch,16/07/1953,M,Staff,40000,25/12/1996,16/08/1997
10187,Tommaso,Narwekar,26/05/1961,F,Senior Staff,71454,29/05/2002,01/01/9999
10188,Christ,Muchinsky,13/07/1956,F,Senior Engineer,62365,23/08/2001,01/01/9999
10189,Khalid,Erva,12/11/1955,M,Engineer,41222,13/09/1992,29/06/1993
10190,Arve,Fairtlough,11/12/1964,F,Engineer,40000,19/06/2002,01/01/9999
10191,Zdislav,Nastansky,08/04/1959,M,Senior Engineer,40000,05/04/2002,01/01/9999
10192,Mohua,Falck,16/09/1960,M,Engineer,40000,10/06/2002,01/01/9999
10193,Masaru,Cheshire,29/06/1960,M,Engineer,48733,20/09/2001,01/01/9999
10194,Josyula,Hofmeyr,29/01/1954,F,Senior Staff,64941,13/02/2002,01/01/9999
10195,Annemarie,Redmiles,13/11/1963,M,Engineer,40000,11/02/2001,14/04/2001
10196,Marc,Hellwagner,27/01/1954,M,Staff,86671,30/01/2002,01/01/9999
10197,Kasidit,Krzyzanowski,06/08/1963,F,Engineer,40000,26/06/2002,01/01/9999
10198,Pranav,Furedi,28/05/1953,M,Engineer,44076,27/08/2001,01/01/9999
10199,Kazuhisa,Ranta,07/04/1959,M,Staff,42042,06/02/2002,01/01/9999
10200,Vidya,Awdeh,31/12/1961,M,Engineer,46879,15/02/2002,01/01/9999
10201,Idoia,Kavraki,15/12/1956,F,Engineer,40000,08/11/2001,01/01/9999
10202,Greger,Lichtner,05/01/1956,M,Engineer,47338,03/10/2001,01/01/9999
10203,Steen,Escriba,27/07/1955,M,Senior Staff,40000,02/04/2002,01/01/9999
10204,Nevio,Ritcey,09/12/1956,F,Engineer,40000,18/12/1998,08/03/1999
10205,Mabhin,Leijenhorst,20/05/1953,F,Senior Engineer,40000,21/08/2001,01/01/9999
10206,Alassane,Iwayama,19/09/1960,F,Technique Leader,40000,16/04/2002,01/01/9999
10207,Girolamo,Anandan,28/05/1955,F,Engineer,52783,09/10/2001,01/01/9999
10208,Xiping,Klerer,02/01/1960,M,Staff,61890,04/02/1999,15/05/1999
10209,Yolla,Ellozy,12/12/1956,F,Senior Staff,57996,20/11/2001,01/01/9999
10210,Yuping,Alpin,24/01/1958,M,Senior Staff,40000,22/02/2002,01/01/9999
10211,Vishu,Strehl,05/08/1964,F,Engineer,49032,19/11/2001,01/01/9999
10212,Divier,Esteva,09/05/1959,M,Engineer,65938,26/01/2002,01/01/9999
10213,Jackson,Kakkad,24/05/1964,M,Staff,40000,04/10/2001,01/01/9999
10214,Tadahiko,Ciolek,14/04/1962,M,Senior Staff,58341,25/02/2002,01/01/9999
10215,Xiaobin,Duclos,02/04/1954,M,Senior Staff,43944,20/11/2001,01/01/9999
10216,Amstein,Ghemri,16/07/1958,M,Senior Staff,40000,26/10/2001,01/01/9999
10217,Yongmin,Roison,07/07/1954,F,Technique Leader,40000,10/05/1993,05/08/1993
10218,Zhenhua,Magalhaes,07/12/1958,M,Senior Engineer,40788,30/01/2002,01/01/9999
10219,Genta,Kolvik,02/05/1952,M,Senior Staff,40000,29/03/2002,01/01/9999
10220,Kish,Fasbender,25/05/1958,F,Staff,58883,15/09/2001,01/01/9999
10221,Yucai,Granlund,03/01/1957,M,Engineer,57821,05/06/2000,04/10/2000
10222,Tze,Nourani,21/09/1962,M,Assistant Engineer,40000,04/06/2002,01/01/9999
10223,Carrsten,Schmiedel,17/09/1963,F,Engineer,62922,31/03/2002,01/01/9999
10224,Leon,Trogemann,17/05/1954,M,Engineer,40000,05/01/2002,01/01/9999
10225,Kellie,Chinen,13/02/1957,F,Staff,40000,12/12/2001,01/01/9999
10226,Xinglin,Plessier,28/12/1964,M,Staff,79456,27/01/2002,01/01/9999
10227,Anneli,Kaiser,04/07/1957,M,Technique Leader,53497,30/10/2001,01/01/9999
10228,Karoline,Cesareni,21/04/1953,F,Senior Staff,79474,20/12/2001,01/01/9999
10229,Ulises,Takanami,10/02/1952,M,Engineer,58321,19/02/2000,30/06/2000
10230,Clyde,Vernadat,11/09/1955,M,Senior Staff,47531,15/06/2002,01/01/9999
10231,Shaowen,Desikan,21/07/1963,F,Staff,40000,08/09/2001,01/01/9999
10232,Marko,Auria,11/03/1956,F,Senior Staff,89606,02/06/2002,01/01/9999
10233,Lein,Vendrig,01/04/1954,F,Senior Staff,40000,27/04/2002,01/01/9999
10234,Arunachalam,Bakhtari,18/01/1961,M,Senior Staff,84584,17/11/1998,06/08/1999
10235,Susanta,Roccetti,27/03/1958,F,Senior Engineer,41941,03/04/2002,01/01/9999
10236,Susumu,Bade,26/03/1960,F,Staff,80469,29/08/2001,01/01/9999
10237,Yannis,Mandell,22/09/1952,F,Senior Staff,100715,09/08/1999,21/02/2000
10238,Mototsugu,Gire,02/11/1964,F,Engineer,52764,29/03/2002,01/01/9999
10239,Nikolaos,Llado,31/03/1955,F,Staff,65146,03/05/2002,01/01/9999
10240,Remko,Maccarone,01/04/1952,M,Engineer,73874,05/10/2001,01/01/9999
10241,Ortrud,Murillo,01/07/1958,M,Senior Staff,40000,09/06/2002,01/01/9999
10242,Lunjin,Ozeri,22/02/1964,M,Engineer,40000,14/01/2002,01/01/9999
10243,Wonhee,Pouyioutas,22/12/1960,M,Senior Staff,59332,03/06/2002,01/01/9999
10244,Foong,Flasterstein,24/10/1961,M,Engineer,56292,15/09/2001,01/01/9999
10245,Ramalingam,Gente,23/08/1962,F,Staff,40000,21/04/1994,20/02/1995
10246,Basem,Teitelbaum,23/06/1962,M,Senior Engineer,40000,29/01/2002,01/01/9999
10247,Heon,Riefers,30/06/1964,F,Engineer,40000,12/08/2001,01/01/9999
10248,Frederique,Tempesti,24/09/1955,F,Senior Staff,58918,10/08/2001,01/01/9999
10249,Marie,Boreale,10/06/1954,M,Engineer,72192,05/12/2001,01/01/9999
10250,Serap,Etalle,12/08/1958,M,Engineer,50330,28/08/2001,01/01/9999
10251,Alair,Rosenbaum,25/04/1957,M,Senior Staff,61743,23/06/2002,01/01/9999
10252,Shirish,Wegerle,30/01/1961,F,Engineer,40000,05/11/2001,01/01/9999
10253,Zsolt,Salinas,12/11/1964,F,Senior Staff,62494,19/02/1994,20/03/1994
10254,Shen,Brattka,07/12/1959,M,Senior Staff,60222,11/06/2002,01/01/9999
10255,Roddy,Garnick,08/02/1964,M,Engineer,63822,11/05/1999,14/11/1999
10256,Irene,Radhakrishnan,02/12/1960,M,Senior Staff,71305,08/10/2001,01/01/9999
10257,Aiman,Riexinger,12/09/1957,M,Technique Leader,40000,15/07/2002,01/01/9999
10258,Basil,Ishibashi,12/12/1955,F,Assistant Engineer,66280,13/05/2002,01/01/9999
10259,Susanna,Vesel,24/11/1964,M,Senior Staff,88991,22/07/1998,06/01/1999
10260,Alper,Suomi,14/07/1961,F,Engineer,60879,30/01/2002,01/01/9999
10261,Mang,Erie,25/12/1959,M,Senior Engineer,40000,11/09/1998,23/02/1999
10262,Mahendra,Maraist,04/08/1955,F,Staff,63005,20/01/2002,01/01/9999
10263,Takahiro,Waterhouse,08/02/1961,M,Staff,67883,20/12/2001,01/01/9999
10264,Nalini,Kawashimo,08/09/1958,F,Engineer,60522,15/07/2002,01/01/9999
10265,Ramalingam,Muniz,01/12/1960,M,Senior Engineer,46382,11/09/2001,01/01/9999
10266,Sukumar,Rassart,24/02/1958,M,Senior Engineer,47093,22/05/2002,01/01/9999
10267,Shaunak,Cullers,16/01/1956,M,Engineer,40000,25/04/2002,01/01/9999
10268,Nishit,Siochi,03/06/1958,M,Engineer,41017,16/12/1989,17/08/1990
10269,Taizo,Oxman,07/10/1959,F,Engineer,40000,21/07/2002,01/01/9999
10270,Bedir,Hartvigsen,30/01/1963,F,Senior Staff,42081,23/09/2001,01/01/9999
10271,Sham,Eastman,24/04/1962,M,Engineer,53680,19/05/2002,01/01/9999
10272,Yishai,Cannane,30/11/1954,M,Staff,58070,22/10/2001,01/01/9999
10273,Baocai,Lieblein,29/08/1962,M,Senior Staff,75148,02/11/2001,01/01/9999
10274,Dmitri,Pearson,23/08/1957,F,Engineer,86164,01/02/2002,01/01/9999
10275,Marek,Luck,22/10/1961,F,Senior Engineer,40000,04/09/2001,01/01/9999
10276,Xuejun,Hempstead,27/07/1964,M,Engineer,40000,16/10/1999,04/02/2000
10277,Isaac,Schwartzbauer,15/08/1964,M,Senior Staff,59534,12/06/2002,01/01/9999
10278,Lubomir,Nitsch,09/03/1955,M,Engineer,51703,01/07/1996,14/02/1997
10279,Barton,Jumpertz,20/08/1964,F,Engineer,40000,24/04/2002,01/01/9999
10280,Stabislas,Delgrange,29/10/1964,M,Staff,66695,25/01/2002,01/01/9999
10281,Moty,Kusakari,13/05/1953,M,Engineer,46123,01/12/2001,01/01/9999
10282,Hercules,Benzmuller,27/11/1953,M,Assistant Engineer,40000,01/05/2002,01/01/9999
10283,Kauko,Birjandi,08/07/1953,M,Engineer,40000,22/05/2002,01/01/9999
10284,Masali,Murrill,08/04/1954,F,Engineer,40000,05/07/2002,01/01/9999
10285,Zhonghui,Preusig,21/09/1956,F,Staff,62075,23/05/2002,01/01/9999
10286,Saddek,Gopalakrishnan,14/05/1952,F,Staff,40000,23/12/1998,24/01/1999
10287,Marie,Pietracaprina,28/11/1963,M,Senior Staff,55732,26/12/2001,01/01/9999
10288,Selwyn,Perri,02/06/1959,M,Technique Leader,80474,27/08/2001,01/01/9999
10289,Shay,Poulakidas,30/11/1956,M,Technique Leader,40000,10/03/2001,31/01/2002
10290,Yongmao,Pleszkun,29/05/1957,M,Engineer,44274,15/09/2001,01/01/9999
10291,Dipayan,Seghrouchni,23/01/1965,M,Senior Staff,57430,26/03/2002,01/01/9999
10292,Yucel,Ghelli,27/01/1963,F,Senior Staff,78370,02/06/2002,01/01/9999
10293,Mihalis,Avouris,24/11/1956,F,Engineer,44200,10/12/2001,01/01/9999
10294,Rutger,Miara,05/01/1955,M,Senior Engineer,66448,30/01/1999,04/05/1999
10295,Kristine,Velardi,13/01/1953,M,Senior Staff,46398,17/06/2002,01/01/9999
10296,Petter,Lorho,13/05/1964,M,Senior Staff,77788,13/09/2001,01/01/9999
10297,Narain,Oaver,17/06/1956,F,Engineer,63061,24/05/2002,01/01/9999
10298,Dietrich,DuCasse,06/07/1954,F,Staff,40000,26/04/2002,01/01/9999
10299,Ipke,Stentiford,21/06/1960,F,Senior Staff,76484,07/01/2002,01/01/9999
10300,Tadahiko,Ulupinar,12/07/1960,F,Engineer,72504,14/05/2002,01/01/9999
10301,Lucien,Staudhammer,26/08/1962,M,Senior Staff,40000,20/05/2002,01/01/9999
10302,Faiza,Baer,11/10/1954,F,Senior Staff,58239,19/07/1999,09/11/1999
10303,Marlo,Zschoche,11/09/1961,M,Senior Engineer,40000,03/02/2000,15/11/2000
10304,Bernt,Erie,07/03/1956,M,Senior Staff,106905,14/11/2001,08/05/2002
10305,Hirochika,Piancastelli,30/06/1952,M,Engineer,52550,31/10/1991,02/06/1992
10306,Heng,Kilgour,02/06/1953,M,Staff,44229,04/09/2001,01/01/9999
10307,Nikolaos,Leaver,20/07/1955,M,Engineer,40000,15/10/2001,01/01/9999
10308,Dzung,Holburn,14/03/1961,F,Senior Staff,59715,27/12/2001,01/01/9999
10309,Prodip,Schusler,06/11/1964,F,Assistant Engineer,53031,01/05/2002,01/01/9999
10310,Aksel,Alencar,29/08/1964,M,Senior Engineer,42894,21/10/2000,26/07/2001
10311,Hsiangchu,Molenkamp,24/11/1958,F,Engineer,40000,03/11/2001,01/01/9999
10312,Rasiah,Deyuan,18/06/1957,F,Senior Engineer,56705,24/08/2001,01/01/9999
10313,Subbu,Riexinger,30/05/1962,M,Staff,60589,08/10/2001,01/01/9999
10314,Christfried,Apsitis,04/05/1961,M,Senior Staff,51939,12/01/2002,01/01/9999
10315,Maris,Angelopoulos,03/08/1956,M,Engineer,60494,24/08/2001,01/01/9999
10316,Christoper,Schwaller,20/06/1958,M,Engineer,40000,18/12/1990,02/01/1991
10317,Arie,Birge,25/12/1957,M,Staff,51129,23/01/2002,01/01/9999
10318,Mototsugu,Beilner,27/08/1958,F,Engineer,73259,19/03/2002,01/01/9999
10319,Mechthild,Miyakawa,09/03/1963,M,Senior Staff,84162,16/06/2002,01/01/9999
10320,Uinam,Stasinski,22/06/1956,F,Senior Staff,58483,31/10/2001,23/12/2001
10321,Guenter,Ravishankar,12/12/1955,M,Staff,86819,23/07/1999,14/08/1999
10322,Isamu,Dahlbom,28/05/1954,F,Engineer,41968,26/01/2002,01/01/9999
10323,Kankanahalli,Hinsberger,20/06/1958,M,Engineer,40000,03/06/2002,01/01/9999
10324,Bernardo,Rouquie,29/12/1957,F,Engineer,67499,18/07/2002,01/01/9999
10325,Arunachalam,Badr,12/01/1953,M,Senior Staff,44325,17/09/2001,01/01/9999
10326,Masali,Czap,13/02/1953,F,Staff,40000,01/09/2001,01/01/9999
10327,Roded,Facello,01/04/1954,M,Engineer,54734,16/09/1992,22/05/1993
10328,Serenella,Kawashima,28/06/1955,M,Engineer,46286,16/07/2002,01/01/9999
10329,Remko,Shigei,28/04/1958,F,Technique Leader,51664,16/01/2002,01/01/9999
10330,Kasturi,Bellmore,02/02/1957,M,Staff,86545,06/10/2001,01/01/9999
10331,Arto,Binkley,12/08/1961,M,Senior Staff,55800,25/10/2001,01/01/9999
10332,Masanao,Bain,05/11/1961,F,Engineer,52133,18/10/1996,07/03/1997
10333,Snehasis,Dymetman,27/04/1953,M,Engineer,45141,14/01/2002,01/01/9999
10334,Falguni,Erie,02/04/1958,M,Staff,40000,14/02/2002,01/01/9999
10335,Toshimori,Bahi,13/03/1963,F,Senior Staff,52633,03/04/2002,01/01/9999
10336,Goa,Rothe,16/07/1961,F,Staff,63248,26/09/2001,01/01/9999
10337,Jeong,Sadowsky,10/12/1957,M,Assistant Engineer,56061,24/04/2002,01/01/9999
10338,Heon,Ranai,12/02/1961,M,Staff,40000,28/12/2001,01/01/9999
10339,Teunis,Liedekerke,27/08/1957,M,Engineer,40000,27/11/2001,01/01/9999
10340,Djelloul,Laventhal,20/08/1952,M,Senior Staff,68132,27/03/2002,01/01/9999
10341,Wilmer,Greenaway,22/11/1960,F,Technique Leader,40000,26/04/1998,11/11/1998
10342,Stella,Hiroyama,17/03/1960,F,Engineer,40000,21/07/2002,01/01/9999
10343,Dinah,Syrzycki,01/11/1954,M,Senior Engineer,40000,02/10/2001,01/01/9999
10344,Uwe,Garnier,24/07/1957,F,Assistant Engineer,53087,18/04/2002,01/01/9999
10345,Arra,Ratnakar,13/12/1960,M,Engineer,66930,06/11/2001,01/01/9999
10346,Aamod,Radwan,29/01/1963,M,Staff,78088,16/01/1996,20/04/1996
10347,Pradeep,Kaminger,03/10/1953,M,Staff,42199,19/02/2002,01/01/9999
10348,Mahendra,Picco,11/03/1956,F,Technique Leader,40000,20/10/2001,01/01/9999
10349,Oksana,Brodie,29/04/1954,F,Senior Staff,47518,25/09/2001,01/01/9999
10350,Kristen,Kavvadias,14/11/1954,F,Assistant Engineer,41213,09/05/1997,16/01/1998
10351,Tadahiko,Strehl,23/08/1963,F,Staff,40000,29/04/2002,01/01/9999
10352,Erzsebet,Ohori,28/01/1960,M,Engineer,40000,15/12/2001,01/01/9999
10353,Phule,Hammerschmidt,15/01/1953,M,Senior Staff,62656,21/08/2001,01/01/9999
10354,Moto,Kusakari,21/04/1961,M,Senior Staff,60762,02/03/2001,01/01/2002
10355,Satyanarayana,Cochrane,10/12/1952,M,Staff,70434,24/01/2002,01/01/9999
10356,Vasilis,Standera,12/08/1952,M,Senior Staff,45376,24/06/2002,01/01/9999
10357,Hausi,Sidhu,10/01/1964,M,Engineer,40000,01/04/2002,01/01/9999
10358,Qunsheng,Tagansky,08/04/1953,M,Technique Leader,63243,16/02/2002,01/01/9999
10359,Heekeun,Sambasivam,18/04/1960,F,Engineer,40000,19/07/2002,01/01/9999
10360,Irene,Munck,04/11/1960,M,Staff,40000,03/09/2001,01/01/9999
10361,Seshu,Sidou,22/04/1961,F,Senior Staff,64213,19/10/2001,01/01/9999
10362,Shalesh,dAstous,16/09/1963,M,Senior Staff,40000,31/10/1996,16/07/1997
10363,Toshiki,Muniz,28/11/1953,F,Assistant Engineer,40401,09/09/1992,12/02/1993
10364,Nakhoon,Dengi,21/09/1954,M,Senior Engineer,51401,10/11/2001,01/01/9999
10365,Rosine,Granlund,28/04/1958,F,Staff,45523,21/10/1991,04/04/1992
10366,Morrie,Piazza,25/01/1960,M,Engineer,47229,14/08/2001,01/01/9999
10367,Hyuckchul,Gini,24/12/1955,M,Senior Staff,63565,21/06/2002,01/01/9999
10368,Hatim,Koshiba,25/03/1956,M,Assistant Engineer,42463,15/05/2002,01/01/9999
10369,Qunsheng,Toyoshima,08/01/1957,M,Staff,47236,03/09/2001,01/01/9999
10370,Clyde,Fandrianto,03/08/1957,M,Senior Staff,40010,16/04/2002,01/01/9999
10371,Ioana,Kirkerud,10/02/1959,M,Assistant Engineer,61475,25/11/2001,01/01/9999
10372,Anneli,Frijda,08/04/1952,F,Technique Leader,54505,26/07/2002,01/01/9999
10373,Hongzue,Heijenga,08/01/1959,M,Engineer,53305,25/04/2002,01/01/9999
10374,Willard,Rosin,08/10/1955,F,Staff,69568,08/12/1995,29/03/1996
10375,Dante,Kalafatis,09/10/1957,F,Senior Staff,93329,27/05/2002,01/01/9999
10376,Fai,Bale,12/02/1959,M,Technique Leader,42634,05/12/2001,01/01/9999
10377,Marl,Grospietsch,19/08/1954,M,Senior Engineer,40000,23/08/2001,01/01/9999
10378,Takahira,Lichtner,05/09/1964,M,Senior Staff,75311,29/08/2001,01/01/9999
10379,Mikhail,Rosis,02/03/1957,M,Engineer,40000,14/07/2002,01/01/9999
10380,Alejandro,Kamble,25/05/1956,F,Senior Staff,76387,15/03/2002,01/01/9999
10381,Jiong,Parfitt,04/03/1963,M,Assistant Engineer,78510,01/12/2001,01/01/9999
10382,Shirish,Dredge,12/06/1955,M,Engineer,45785,30/06/2000,27/10/2000
10383,Leucio,Aumann,13/11/1963,M,Engineer,47452,16/06/2002,01/01/9999
10384,Feiyu,Luft,22/08/1956,M,Senior Staff,43270,12/01/2002,01/01/9999
10385,Khatoun,Imataki,14/05/1963,M,Engineer,40000,19/12/1997,23/01/1998
10386,Eishiro,Miyakawa,09/11/1956,F,Engineer,53367,29/07/2002,01/01/9999
10387,Parto,Wrigley,03/11/1952,F,Senior Staff,61374,05/01/2002,01/01/9999
10388,Hironoby,Kaiser,29/03/1953,M,Staff,62545,27/05/2002,01/01/9999
10389,Make,Peir,24/03/1953,M,Technique Leader,55548,12/05/2002,01/01/9999
10390,Wanqing,Bratten,07/03/1960,M,Technique Leader,40000,14/05/2002,01/01/9999
10391,Hongzue,Akaboshi,13/06/1956,M,Assistant Engineer,56655,26/01/2002,01/01/9999
10392,Jiann,Hainaut,17/02/1962,M,Engineer,50962,27/02/2002,01/01/9999
10393,Yagil,DasSarma,24/03/1958,M,Engineer,40000,20/06/2002,01/01/9999
10394,Shawna,Meriste,22/05/1957,M,Engineer,40000,14/03/1991,25/08/1991
10395,Takahiro,Deverell,17/02/1952,M,Engineer,42774,09/08/2001,13/08/2001
10396,Sibyl,Rahier,21/08/1955,M,Senior Engineer,40393,07/01/2002,01/01/9999
10397,Irena,Reutenauer,11/11/1955,M,Technique Leader,40529,19/05/2002,01/01/9999
10398,Shooichi,Escriba,16/07/1958,F,Senior Staff,54156,09/10/2001,01/01/9999
10399,Guenter,Marchegay,13/06/1957,F,Staff,97010,25/01/2002,01/01/9999
10400,Ortrud,Nitto,16/12/1961,M,Senior Staff,63746,15/10/2001,01/01/9999
10401,Eckart,Barriga,25/04/1962,M,Engineer,40000,24/10/2000,25/04/2001
10402,Volkmar,Ebeling,23/07/1953,M,Technique Leader,40000,29/12/2001,01/01/9999
10403,Atreyi,Mungall,01/04/1956,F,Senior Staff,83609,10/09/2000,15/06/2001
10404,Prodip,Rosti,27/04/1955,F,Engineer,51647,25/08/2001,01/01/9999
10405,Hilary,Budinsky,20/01/1957,F,Assistant Engineer,40000,25/09/2000,05/12/2000
10406,Sigeru,Wynblatt,21/09/1956,F,Engineer,40000,24/01/2002,01/01/9999
10407,Ulf,Siepmann,05/07/1955,M,Senior Staff,62565,28/10/2001,01/01/9999
10408,Martijn,Kaiser,17/03/1964,M,Staff,76369,06/10/2001,01/01/9999
10409,Mario,Straney,28/08/1958,M,Engineer,64363,25/09/2001,01/01/9999
10410,Takahito,Gecsei,19/01/1965,F,Staff,46546,16/10/1995,21/07/1996
10411,Lidong,Klerer,10/07/1956,F,Senior Staff,66415,30/08/2001,01/01/9999
10412,Masoud,Fabrizio,26/02/1958,F,Engineer,65405,18/11/2001,01/01/9999
10413,Danel,Impagliazzo,05/05/1952,F,Senior Staff,45416,24/12/2001,01/01/9999
10414,Yinlin,Alpin,09/04/1954,M,Senior Engineer,43255,29/05/1994,02/12/1994
10415,Mark,Coorg,12/11/1957,M,Senior Engineer,50219,23/10/2001,01/01/9999
10416,Uli,Keustermans,26/05/1956,M,Senior Staff,68993,21/03/2002,01/01/9999
10417,Bingning,Bakhtari,02/02/1964,M,Staff,78571,26/06/2002,01/01/9999
10418,Candida,Porotnikoff,29/06/1952,F,Staff,52224,03/10/2001,01/01/9999
10419,Maria,Bauknecht,22/06/1964,F,Senior Staff,40569,23/04/2002,06/07/2002
10420,Kaijung,Riesenhuber,03/03/1963,M,Senior Staff,69604,14/01/2000,09/07/2000
10421,Divine,Marzano,22/03/1959,M,Senior Staff,40000,03/04/2002,01/01/9999
10422,Greger,Rubsam,02/06/1954,F,Engineer,45725,01/01/2002,01/01/9999
10423,Dante,Cronin,10/01/1956,F,Staff,51183,26/05/2002,01/01/9999
10424,Babette,Straney,17/08/1959,M,Senior Engineer,50054,04/08/2001,01/01/9999
10425,Sashi,Osgood,24/10/1963,M,Engineer,40000,05/05/2002,06/05/2002
10426,Arunas,Luce,28/12/1955,F,Technique Leader,65757,02/07/2002,01/01/9999
10427,Khosrow,Sudbeck,13/08/1958,F,Senior Staff,79320,01/10/2001,01/01/9999
10428,Cathie,Brlek,25/06/1957,M,Senior Staff,40000,02/06/2002,01/01/9999
10429,Martien,Improta,13/02/1952,F,Senior Engineer,40000,20/09/2001,01/01/9999
10430,Ferdinand,Chenney,30/06/1958,M,Senior Engineer,40000,04/07/2002,01/01/9999
10431,Patricio,Bugrara,25/05/1961,M,Senior Staff,67068,04/10/2001,01/01/9999
10432,Hisao,Tiemann,06/11/1953,F,Senior Staff,40000,10/08/2001,01/01/9999
10433,Reuven,Dengi,02/09/1954,M,Assistant Engineer,40000,24/11/2001,01/01/9999
10434,Dzung,Peltason,17/07/1959,F,Engineer,40000,25/06/2001,22/06/2002
10435,Marsha,Tagansky,12/10/1957,M,Engineer,45352,07/06/2002,01/01/9999
10436,Yahiko,Lammel,17/06/1963,M,Senior Staff,40000,26/01/2002,01/01/9999
10437,Narain,Reeker,07/07/1956,F,Engineer,59749,11/04/2002,01/01/9999
10438,Evgueni,Srimani,25/12/1961,F,Assistant Engineer,40000,16/01/2002,01/01/9999
10439,Jolita,Jarecki,09/04/1958,M,Engineer,62401,29/04/2002,01/01/9999
10440,Akeel,Narahara,10/04/1959,F,Technique Leader,54615,03/04/2002,01/01/9999
10441,Adel,Perfilyeva,27/04/1958,M,Engineer,40000,09/07/2002,01/01/9999
10442,Volkmar,Unno,09/09/1955,M,Senior Staff,46005,09/02/2001,13/03/2001
10443,Shichao,Litvinov,03/12/1952,F,Senior Engineer,55299,29/07/2001,06/07/2002
10444,Kazuhira,Rosis,29/07/1956,M,Staff,86407,21/10/2001,01/01/9999
10445,Junichi,Kavanagh,10/01/1957,F,Engineer,59438,31/10/2001,01/01/9999
10446,Ebru,Chepyzhov,08/02/1960,F,Engineer,48170,24/12/2001,01/01/9999
10447,Ronghao,Yavatkar,24/10/1962,F,Assistant Engineer,40000,27/12/1999,15/11/2000
10448,Phule,Oxenboll,10/12/1963,F,Senior Staff,48558,10/03/2002,01/01/9999
10449,Aleksandar,Sudkamp,28/09/1959,M,Senior Staff,55316,24/03/2002,01/01/9999
10450,Khun,Harbusch,05/11/1959,M,Engineer,40000,23/08/2001,01/01/9999
10451,Bodh,Ranta,06/10/1952,F,Assistant Engineer,46275,09/03/2002,01/01/9999
10452,Werner,Hasham,24/11/1956,M,Engineer,40000,10/11/2000,11/10/2001
10453,Tsvetan,Matzel,19/07/1953,F,Senior Staff,40000,29/03/2002,01/01/9999
10454,Wonhee,Badr,22/01/1961,M,Senior Staff,84280,13/04/2002,01/01/9999
10455,Sverrir,Streng,17/12/1963,F,Senior Staff,98251,17/02/2002,01/01/9999
10456,Stepehn,Hardjono,24/01/1963,F,Staff,57599,05/01/2002,01/01/9999
10457,Oddvar,Schlenzig,10/11/1963,M,Senior Engineer,60672,22/10/2001,01/01/9999
10458,Gina,Engelmann,06/01/1961,F,Senior Staff,76973,03/07/2002,01/01/9999
10459,Ennio,Trogemann,30/09/1959,M,Staff,40000,27/06/2002,01/01/9999
10460,Shushma,VanScheik,19/02/1963,M,Engineer,40000,29/06/2000,15/04/2001
10461,Gal,Karcich,26/10/1956,M,Senior Staff,82217,30/07/2002,01/01/9999
10462,Sumali,Schlenzig,08/04/1956,M,Senior Engineer,40000,24/03/2002,01/01/9999
10463,Ung,Zaiane,20/05/1954,M,Staff,66480,15/02/2002,01/01/9999
10464,Mang,Maginnis,04/09/1962,F,Senior Staff,40000,18/05/2002,01/01/9999
10465,Claudi,Shackel,13/03/1963,M,Senior Staff,59124,09/12/2001,01/01/9999
10466,Jiakeng,Himler,25/12/1954,M,Staff,55318,22/08/1999,15/08/2000
10467,Dipayan,Suomi,30/01/1956,F,Staff,79905,21/05/1999,01/11/1999
10468,Yoshimitsu,Shobatake,28/08/1960,M,Senior Staff,40000,25/05/2002,01/01/9999
10469,Munehiko,Ananiadou,22/12/1964,M,Senior Engineer,42697,01/06/2002,01/01/9999
10470,Peternela,Iwayama,12/04/1956,M,Engineer,49593,16/09/2001,01/01/9999
10471,Jouko,Yamaashi,30/11/1963,M,Senior Engineer,58951,15/11/2001,01/01/9999
10472,Salvador,Lodder,20/08/1959,M,Staff,48561,30/11/2001,02/01/2002
10473,Przemyslawa,Oskamp,13/10/1963,M,Engineer,41613,22/09/2001,01/01/9999
10474,Kenton,Garnham,24/02/1962,F,Engineer,43948,17/02/2002,01/01/9999
10475,Mario,Rodite,19/12/1956,M,Engineer,51203,13/05/1994,30/12/1994
10476,Kokou,Iisaka,01/01/1965,M,Senior Staff,58221,16/09/2001,01/01/9999
10477,Guoxiang,Trogemann,07/12/1952,F,Engineer,55138,25/05/2002,01/01/9999
10478,Maik,Ushiama,08/03/1957,M,Senior Staff,40000,07/06/2002,01/01/9999
10479,Duro,Coney,27/01/1959,F,Senior Engineer,40000,22/07/2002,01/01/9999
10480,Make,Baba,25/01/1965,F,Staff,55669,18/05/1989,03/06/1989
10481,Yongmao,Pintelas,18/10/1959,F,Engineer,40000,30/09/2001,01/01/9999
10482,Goa,Pleszkun,17/07/1961,F,Engineer,79330,24/02/2002,01/01/9999
10483,Zhiwei,Anick,13/03/1957,M,Assistant Engineer,47423,08/11/2001,01/01/9999
10484,Nirmal,Varley,30/08/1961,F,Senior Staff,40000,19/12/2001,01/01/9999
10485,Teruyuki,Sundgren,20/09/1961,M,Engineer,47265,19/01/2002,01/01/9999
10486,Amstein,Kossowski,24/08/1952,F,Engineer,71692,04/10/2001,01/01/9999
10487,Perla,Middleton,23/08/1956,F,Engineer,45083,12/08/2001,01/01/9999
10488,Mihalis,Heering,17/10/1959,M,Engineer,40000,07/07/2002,01/01/9999
10489,Elvia,Homond,24/08/1958,M,Engineer,56739,10/09/1989,06/10/1989
10490,Huiqun,Vuskovic,28/09/1961,F,Senior Staff,62973,20/11/2001,01/01/9999
10491,Garnik,Narahari,09/09/1964,M,Senior Staff,66740,14/01/2002,01/01/9999
10492,Lobel,Kumaresan,03/04/1957,M,Engineer,60838,26/04/2002,01/01/9999
10493,Maris,Haraldson,12/01/1962,M,Senior Staff,43998,28/10/2001,01/01/9999
10494,Yakkov,Servieres,21/12/1953,F,Engineer,50094,15/12/2001,01/01/9999
10495,Anyuan,Zhiwei,24/05/1961,F,Technique Leader,75661,21/09/2001,01/01/9999
10496,Gretta,Baig,18/04/1959,M,Staff,41835,28/08/1998,26/01/1999
10497,Pramod,Rabehasaina,09/06/1953,M,Engineer,63707,19/01/2002,01/01/9999
10498,Valter,Cappelletti,15/09/1964,F,Engineer,40000,07/03/2002,01/01/9999
10499,Maik,Luft,04/10/1953,F,Senior Staff,40000,30/07/2002,01/01/9999
10500,Vojin,Narwekar,29/04/1957,M,Engineer,42688,15/12/2001,01/01/9999
10501,Susuma,Larfeldt,09/09/1962,M,Engineer,53922,05/09/2001,01/01/9999
10502,Yonghoan,Marshall,07/10/1957,M,Technique Leader,40000,02/03/2002,01/01/9999
10503,Dannz,Pell,17/05/1952,M,Engineer,40000,12/03/2002,01/01/9999
10504,Xiong,Varker,07/04/1953,M,Staff,43931,18/10/2001,01/01/9999
10505,Isamu,Auria,04/02/1964,M,Senior Staff,63696,20/07/1997,26/03/1998
10506,Kazuhisa,Kroll,06/10/1958,F,Senior Engineer,40000,30/11/2001,01/01/9999
10507,Kasidit,Belinskaya,18/02/1964,M,Senior Staff,40000,27/09/2001,01/01/9999
10508,Kotesh,Liedekerke,02/06/1962,M,Engineer,46204,28/04/2002,01/01/9999
10509,Abdelwaheb,Riesenhuber,03/10/1953,F,Senior Staff,49292,04/10/2001,01/01/9999
10510,Keung,Slobodova,13/02/1960,F,Senior Staff,69341,17/04/2002,01/01/9999
10511,Khoa,Marrevee,18/06/1963,M,Assistant Engineer,40000,24/01/2002,01/01/9999
10512,Udi,Gihr,16/11/1955,M,Senior Staff,40000,25/11/2001,01/01/9999
10513,Yuichiro,Schicker,07/07/1959,F,Senior Staff,86392,30/03/2002,01/01/9999
10514,Tomofumi,McClure,03/04/1963,M,Staff,48428,29/04/1994,02/04/1995
10515,Raimond,Kirkerud,15/12/1963,M,Senior Staff,91484,04/01/1998,21/07/1998
10516,Xiadong,Luga,20/02/1960,M,Engineer,74920,15/10/2001,01/01/9999
10517,Tiina,Speek,18/06/1953,M,Senior Staff,65330,22/12/2001,01/01/9999
10518,Marin,Lanphier,23/05/1963,M,Technique Leader,51168,01/09/2001,01/01/9999
10519,Yonghoan,Alencar,28/12/1955,F,Senior Staff,40000,03/12/2000,13/10/2001
10520,Jenwei,Ecklund,06/03/1964,M,Senior Engineer,40000,04/09/2001,01/01/9999
10521,Kwangsub,Setia,31/07/1957,M,Senior Staff,91262,08/05/2002,01/01/9999
10522,Marke,Cesareni,24/07/1955,F,Senior Staff,40000,08/12/2001,01/01/9999
10523,Malu,Skafidas,16/05/1956,M,Engineer,40000,20/12/2001,01/01/9999
10524,Shigehiro,Cincotta,02/05/1959,F,Engineer,49950,05/10/2001,01/01/9999
10525,Yuchang,Lunt,29/03/1963,M,Senior Staff,87439,07/07/1995,20/12/1995
10526,Kwangho,Theuretzbacher,31/12/1963,F,Engineer,40000,23/02/2002,01/01/9999
10527,Tetsushi,Barvinok,15/09/1964,F,Technique Leader,43405,23/01/2002,01/01/9999
10528,Koichi,Lakshmanan,16/05/1963,F,Senior Engineer,63813,26/10/2001,01/01/9999
10529,Ymte,Yetto,21/11/1952,M,Assistant Engineer,47840,03/07/2002,01/01/9999
10530,Boriana,Coors,19/07/1956,F,Engineer,68487,19/09/2001,01/01/9999
10531,Oguz,Gimbel,11/06/1954,F,Staff,49168,14/03/2002,01/01/9999
10532,Mary,Wossner,31/08/1959,F,Senior Staff,87468,14/05/2002,01/01/9999
10533,Mohamadou,Smailagic,25/06/1963,F,Senior Staff,57135,14/08/2001,01/01/9999
10534,Dinah,Bahl,23/10/1964,M,Staff,40000,25/01/2001,03/03/2001
10535,Shalesh,Stroustrup,19/05/1961,F,Senior Staff,47272,19/08/2001,01/01/9999
10536,Yechiam,Sambasivam,29/10/1964,F,Senior Staff,57487,04/10/2001,01/01/9999
10537,Stella,Benzmuller,29/06/1962,M,Senior Staff,75976,24/09/2001,01/01/9999
10538,Przemyslawa,Falby,18/08/1955,M,Senior Engineer,72002,20/07/1998,13/12/1998
10539,Yucel,Reinhard,13/05/1959,M,Senior Staff,102092,02/06/2002,01/01/9999
10540,Martins,Barriga,24/02/1961,M,Engineer,66067,01/05/2002,01/01/9999
10541,Godehard,Eiter,05/11/1955,M,Staff,50741,28/02/1986,01/10/1986
10542,Yannis,Couchot,05/01/1955,F,Senior Engineer,40000,04/02/2002,01/01/9999
10543,Lein,Lichtman,06/10/1962,M,Staff,86526,23/11/2001,01/01/9999
10544,Ishfaq,Krzyzanowski,01/02/1962,F,Senior Staff,45092,27/04/2002,01/01/9999
10545,Hauke,dAstous,12/01/1963,M,Engineer,57752,27/06/2002,01/01/9999
10546,Nechama,Schapiro,20/12/1957,M,Senior Staff,46871,11/04/2002,01/01/9999
10547,Snehasis,Brobst,12/05/1963,M,Technique Leader,40000,13/02/1989,19/06/1989
10548,Ramalingam,Gunderson,12/06/1952,M,Senior Staff,90631,30/06/2002,01/01/9999
10549,Beshir,Kisuki,20/03/1957,M,Engineer,63795,10/10/2001,01/01/9999
10550,Manton,Leuchs,03/08/1959,M,Engineer,40000,30/01/2002,01/01/9999
10551,Jeong,Rijsenbrij,07/10/1963,M,Engineer,53473,03/08/2001,01/01/9999
10552,Kazuhito,Shiratori,25/03/1953,M,Senior Engineer,80483,30/08/2001,01/01/9999
10553,Rajmohan,Wallrath,08/02/1964,F,Engineer,73618,19/07/2002,01/01/9999
10554,Dines,Gerlach,01/08/1958,M,Engineer,54763,25/11/2001,01/01/9999
10555,Vitaly,Picci,25/09/1962,M,Staff,73486,22/05/1992,19/01/1993
10556,JoAnna,Taubman,31/12/1962,F,Senior Staff,68797,13/04/2002,01/01/9999
10557,Sashi,Karlin,23/08/1957,M,Engineer,43289,16/09/2001,01/01/9999
10558,Hisao,Famili,08/10/1964,M,Senior Engineer,70012,20/04/2002,01/01/9999
10559,Arumugam,Comellas,18/01/1956,F,Staff,90120,03/04/2002,01/01/9999
10560,Yinlin,Esteva,01/05/1960,F,Engineer,40000,02/09/2001,01/01/9999
10561,Serge,Joslin,07/09/1958,F,Senior Staff,57319,29/06/2002,01/01/9999
10562,Shuky,Pearson,17/04/1963,M,Engineer,59596,23/07/2002,01/01/9999
10563,Mohit,Spelt,27/10/1956,M,Engineer,41280,27/09/2001,01/01/2002
10564,Jianhao,Thisen,14/04/1955,M,Engineer,46660,21/11/2001,01/01/9999
10565,Yishay,Harnett,05/11/1961,M,Senior Engineer,40000,04/08/2001,01/01/9999
10566,Jianhui,Zuberek,30/01/1958,F,Engineer,40000,21/08/1997,26/10/1997
10567,Dietrich,Journel,21/05/1957,M,Senior Staff,43717,16/10/2001,01/01/9999
10568,Gao,Poulakidas,02/12/1953,F,Staff,64356,06/07/2002,01/01/9999
10569,Sreenivas,Bashian,03/12/1962,M,Senior Staff,54732,09/03/2002,01/01/9999
10570,Alassane,Morrin,30/10/1958,M,Senior Staff,80145,13/06/1999,25/03/2000
10571,Fun,Varman,10/12/1963,M,Assistant Engineer,43658,20/02/2002,01/01/9999
10572,Cordelia,Axelband,10/10/1960,M,Engineer,40000,12/02/2002,01/01/9999
10573,Tetsushi,Speel,23/02/1964,F,Staff,87241,19/08/2001,01/01/9999
10574,Salvador,Olano,11/11/1960,F,Senior Staff,40000,14/11/2001,01/01/9999
10575,Theirry,Yeung,29/06/1954,M,Senior Engineer,40523,01/10/2000,22/11/2000
10576,Xiaoqiu,Krychniak,23/08/1957,M,Senior Staff,63861,31/12/2001,01/01/9999
10577,Ennio,Schmiedel,20/09/1957,M,Senior Staff,48286,30/06/2002,01/01/9999
10578,Shigeaki,Shanbhogue,18/07/1958,F,Senior Engineer,47301,21/11/2001,01/01/9999
10579,Aiman,Stentiford,17/07/1958,M,Senior Engineer,61438,30/05/2002,01/01/9999
10580,Christoper,Rehfuss,28/05/1956,M,Senior Staff,40000,27/02/2002,01/01/9999
10581,Odinaldo,Prochazka,20/11/1956,F,Engineer,46569,11/04/2002,01/01/9999
10582,Shmuel,Juneja,08/05/1960,M,Assistant Engineer,40973,04/11/2001,01/01/9999
10583,Prasadram,Stille,03/03/1964,F,Engineer,79782,11/02/1998,29/05/1998
10584,Mana,Papastamatiou,12/07/1961,M,Engineer,66898,13/02/2002,01/01/9999
10585,Sajjad,Willoner,10/11/1963,F,Senior Engineer,58389,06/01/2002,01/01/9999
10586,Kirk,Vuskovic,23/06/1954,M,Engineer,47541,01/02/2002,01/01/9999
10587,Behnaam,Srimani,04/03/1962,F,Engineer,81562,17/11/2001,01/01/9999
10588,Shigeo,Dulay,30/07/1956,F,Engineer,41478,22/07/2002,01/01/9999
10589,Subbu,Sanella,25/09/1958,M,Senior Staff,57215,24/01/2002,01/01/9999
10590,Yongqiao,Kalloufi,01/10/1963,M,Senior Staff,51930,04/04/2002,01/01/9999
10591,Hidde,Hettesheimer,22/12/1952,F,Staff,55131,17/06/1988,20/09/1988
10592,Almudena,Alvarado,01/08/1964,M,Staff,55997,25/09/2001,01/01/9999
10593,Falguni,Kenevan,24/07/1952,M,Engineer,71435,09/09/2001,01/01/9999
10594,Kiyokazu,Whitcomb,22/10/1960,M,Engineer,40000,30/03/2002,01/01/9999
10595,Giri,Undy,10/12/1964,M,Senior Engineer,40000,21/11/2001,01/01/9999
10596,Sanjit,Coors,24/01/1954,M,Senior Staff,58689,22/05/2002,01/01/9999
10597,Lucien,Schaad,07/05/1961,F,Senior Staff,64739,29/03/2002,01/01/9999
10598,Margo,Gronowski,10/11/1957,M,Senior Engineer,43329,21/06/2000,27/09/2000
10599,Seshu,Crelier,15/10/1956,F,Technique Leader,51952,14/11/2001,01/01/9999
10600,Emran,Rettelbach,17/08/1963,F,Senior Staff,53535,25/04/2002,01/01/9999
10601,Barton,Usdin,23/10/1959,M,Staff,40000,23/07/2001,09/05/2002
10602,Douadi,Wossner,27/11/1959,M,Staff,55058,22/04/1993,06/11/1993
10603,Wayne,Restivo,02/08/1955,M,Staff,101271,18/07/2002,01/01/9999
10604,Susanna,Brizzi,24/04/1957,M,Engineer,50849,03/04/2002,01/01/9999
10605,Moti,Wixon,21/05/1956,F,Engineer,43162,29/06/2002,01/01/9999
10606,Toshiki,Marakhovsky,04/03/1964,M,Engineer,40000,28/04/2002,01/01/9999
10607,Rosalyn,Hambrick,30/11/1964,F,Engineer,55024,11/01/2002,01/01/9999
10608,Adhemar,Talmor,11/07/1955,F,Senior Engineer,40000,24/05/1991,02/06/1991
10609,Janche,Zhang,02/10/1956,M,Assistant Engineer,80458,01/12/2001,01/01/9999
10610,Irena,Roccetti,24/06/1955,F,Engineer,49812,29/03/2002,01/01/9999
10611,Karsten,Blokdijk,11/05/1964,M,Senior Engineer,40000,13/09/2001,01/01/9999
10612,Gil,Peroz,01/01/1959,M,Assistant Engineer,40000,30/08/2001,01/01/9999
10613,Inderjeet,Jansen,04/11/1960,M,Staff,40000,12/10/2001,01/01/9999
10614,Gila,Ozeri,11/07/1953,F,Engineer,40000,28/02/2002,01/01/9999
10615,Keung,Delgrande,30/08/1955,M,Senior Staff,43533,09/03/2002,01/01/9999
10616,Tommaso,Marwedel,05/05/1958,F,Staff,87010,06/11/2001,01/01/9999
10617,Hidekazu,Angel,26/01/1955,F,Senior Staff,40000,27/10/2000,03/10/2001
10618,Ranga,Yeung,03/08/1963,F,Engineer,41127,05/10/2001,01/01/9999
10619,Vivian,Kusakabe,27/04/1961,M,Senior Staff,81662,06/04/2002,01/01/9999
10620,Marit,Veeraraghavan,23/11/1959,M,Assistant Engineer,48584,07/11/2001,01/01/9999
10621,Hinrich,Siepmann,03/02/1962,F,Engineer,68991,07/02/2002,01/01/9999
10622,Turgut,Narlikar,15/09/1959,M,Engineer,40000,12/05/2002,01/01/9999
10623,Aleksander,Danlos,11/07/1953,F,Engineer,60268,12/01/2002,01/01/9999
10624,Sham,Gyorkos,19/12/1955,F,Technique Leader,40000,04/05/2002,01/01/9999
10625,Leszek,Petereit,08/02/1958,F,Engineer,59732,13/07/1994,13/01/1995
10626,Danil,Deverell,26/06/1957,M,Staff,40000,02/12/2001,01/01/9999
10627,Shigeu,Itzfeldt,06/10/1962,M,Senior Staff,40000,11/03/2002,01/01/9999
10628,Krisda,Krogh,18/04/1954,M,Assistant Engineer,41650,10/03/2002,01/01/9999
10629,Lalit,Francisci,23/03/1954,F,Staff,87045,19/10/2001,07/12/2001
10630,Bezalel,Katzenelson,10/08/1954,F,Engineer,40000,12/01/2002,01/01/9999
10631,Inderjeet,Chaudhuri,17/05/1955,M,Engineer,40000,16/10/2001,01/01/9999
10632,Yoshimitsu,Velardi,05/04/1960,F,Technique Leader,81733,25/07/1987,20/11/1987
10633,Sorina,Herber,09/02/1957,M,Staff,81900,15/05/2002,01/01/9999
10634,Nahid,Chepyzhov,01/08/1954,M,Assistant Engineer,45179,08/11/2001,01/01/9999
10635,Toney,Angiulli,29/10/1960,F,Senior Engineer,40000,20/09/1999,20/12/1999
10636,Saeko,Porotnikoff,25/08/1955,F,Staff,40904,24/09/2001,01/01/9999
10637,Heejo,Frolund,11/07/1954,M,Senior Staff,103579,10/07/1999,19/01/2000
10638,Jenwei,Borovoy,04/11/1960,M,Senior Staff,41573,08/11/2001,01/01/9999
10639,Pramod,Erol,18/04/1953,M,Engineer,46291,23/10/2001,01/01/9999
10640,Anneke,Meszaros,09/11/1958,M,Senior Staff,65156,02/12/2001,01/01/9999
10641,Guozhong,Zucker,24/12/1953,M,Assistant Engineer,41785,19/03/2002,01/01/9999
10642,Hirochika,Narlikar,19/12/1955,M,Engineer,40000,04/10/2001,01/01/9999
10643,Slavian,Keirsey,25/07/1957,M,Engineer,46600,07/11/2001,01/01/9999
10644,Pranas,Benaini,22/02/1962,M,Senior Staff,75403,27/05/1995,25/08/1995
10645,Fumiyo,Esposito,01/03/1957,M,Engineer,40000,26/02/2002,01/01/9999
10646,Uri,Chorvat,24/11/1957,M,Senior Staff,51562,29/01/2002,01/01/9999
10647,Tesuro,Bahk,12/01/1960,M,Assistant Engineer,48302,02/09/2001,01/01/9999
10648,Marlo,Ratnaker,19/01/1962,F,Engineer,40000,12/02/2002,01/01/9999
10649,Vitali,Welham,25/03/1956,M,Senior Staff,40000,22/06/2002,01/01/9999
10650,Hongzhu,Chepyzhov,09/04/1959,M,Assistant Engineer,43591,02/10/2001,01/01/9999
10651,Zijian,Maginnis,31/12/1958,M,Senior Staff,42023,06/01/2002,01/01/9999
10652,Danai,Chachaty,25/04/1960,M,Staff,53160,12/02/1991,13/01/1992
10653,Otmar,Feinberg,16/06/1953,M,Senior Engineer,40000,26/04/2002,01/01/9999
10654,Nahla,Castellani,17/03/1960,F,Engineer,49062,22/03/2002,01/01/9999
10655,Remko,Dalton,02/02/1959,F,Senior Staff,82968,03/07/2002,01/01/9999
10656,Sanjay,Litzkow,18/06/1962,M,Engineer,40658,18/06/2002,01/01/9999
10657,Juichirou,Kitsuregawa,09/03/1958,M,Senior Staff,52462,24/03/2002,01/01/9999
10658,Junsik,Rijckaert,21/11/1956,F,Senior Staff,60978,27/04/2002,01/01/9999
10659,Dinah,Shackel,09/12/1956,F,Engineer,40000,30/05/2002,01/01/9999
10660,Jouko,Kolinko,03/01/1964,M,Senior Engineer,41814,12/08/1990,12/07/1991
10661,Ottavia,Giarratana,07/04/1956,F,Senior Staff,48179,08/01/2002,01/01/9999
10662,Arto,Serra,17/10/1959,F,Engineer,71708,16/12/2001,01/01/9999
10663,Teunis,Noriega,09/01/1965,M,Technique Leader,47521,21/01/2002,01/01/9999
10664,Xumin,Peck,02/06/1962,M,Engineer,48215,21/12/2001,01/01/9999
10665,Qingxiang,Snyers,28/07/1964,M,Engineer,40000,20/01/2000,13/07/2000
10666,Zhonghua,Reeker,03/10/1964,M,Senior Staff,78258,17/05/2002,01/01/9999
10667,Makato,Cusworth,05/08/1955,F,Senior Staff,40000,27/07/2002,01/01/9999
10668,Maren,Granlund,20/03/1959,F,Staff,65326,28/11/1998,03/09/1999
10669,Yurij,Iisaka,30/05/1956,F,Senior Staff,40000,16/11/2001,01/01/9999
10670,Shunichi,McAffer,23/04/1962,M,Senior Staff,74595,20/03/2002,01/01/9999
10671,Parviz,Rebaine,12/06/1953,M,Senior Staff,74037,12/09/2001,01/01/9999
10672,Bluma,Zeilberger,23/03/1954,M,Senior Engineer,64663,28/09/1995,19/04/1996
10673,Hyuckchul,Casperson,26/12/1959,M,Engineer,40000,28/07/1997,14/01/1998
10674,Abdelaziz,Bisiani,03/03/1961,M,Engineer,40000,16/03/2002,01/01/9999
10675,Ymte,Waschkowski,26/03/1960,F,Senior Staff,62205,31/01/2002,01/01/9999
10676,Valeri,Danley,26/08/1953,F,Engineer,58226,03/09/2001,01/01/9999
10677,Alejandra,Perng,20/02/1963,F,Engineer,56994,12/10/2001,01/01/9999
10678,Chriss,Gide,21/08/1958,F,Engineer,60389,29/07/2002,01/01/9999
10679,Neven,Brender,25/09/1956,M,Senior Staff,40000,10/05/2002,01/01/9999
10680,Kish,Honglei,11/10/1962,M,Senior Engineer,40000,20/11/1998,08/12/1998
10681,Florina,Garnier,25/12/1964,M,Staff,84136,30/09/2001,01/01/9999
10682,Bedir,Haumacher,04/07/1956,M,Senior Staff,40000,06/11/2001,01/01/9999
10683,Guiseppe,Stranks,18/06/1952,F,Senior Engineer,40000,22/06/2002,01/01/9999
10684,Aimee,Tokunaga,23/01/1956,F,Engineer,45861,27/10/2001,01/01/9999
10685,Zongyan,Cusworth,14/01/1959,M,Senior Staff,60601,27/12/1995,20/10/1996
10686,Avishai,Azadmanesh,25/05/1963,F,Senior Engineer,50869,13/05/2002,01/01/9999
10687,Leon,Kaiser,25/07/1961,F,Senior Staff,40000,10/03/2002,01/01/9999
10688,Xiaopeng,Lanphier,28/02/1964,F,Senior Staff,88410,09/04/2002,01/01/9999
10689,Satoru,Otillio,13/09/1958,M,Senior Staff,40000,02/08/2001,01/01/9999
10690,Matt,Jumpertz,06/09/1962,F,Engineer,72028,19/08/2001,01/01/9999
10691,Denny,Setia,18/11/1957,M,Technique Leader,46745,14/09/2001,01/01/9999
10692,Larisa,Bage,11/08/1960,M,Senior Staff,81380,20/03/2002,01/01/9999
10693,Berhard,Daescu,14/12/1953,F,Senior Staff,40000,04/01/2002,01/01/9999
10694,Rildo,Straney,16/12/1955,M,Senior Staff,53020,22/01/2001,11/07/2001
10695,Zorica,Acton,30/08/1962,M,Engineer,85720,18/05/2002,01/01/9999
10696,Unal,Fendler,23/03/1952,M,Technique Leader,68913,06/09/2001,01/01/9999
10697,Bluma,Hiltgen,09/04/1958,M,Staff,40000,28/08/2001,01/01/9999
10698,Barton,Engberts,13/09/1959,M,Senior Engineer,40000,06/12/2001,01/01/9999
10699,Hatim,Deverell,02/02/1964,M,Engineer,40000,13/11/2001,01/01/9999
10700,Angel,Mondadori,30/11/1962,M,Engineer,41400,13/04/2002,27/06/2002
10701,Hyuncheol,Zolotykh,30/09/1961,M,Senior Staff,74949,23/10/2001,01/01/9999
10702,Bader,Szemeredi,25/11/1952,M,Senior Engineer,46581,11/01/2002,01/01/9999
10703,Giri,Baumann,13/06/1958,F,Engineer,56724,11/05/2002,01/01/9999
10704,Yolla,Kropatsch,08/04/1960,M,Senior Staff,40000,15/02/2002,01/01/9999
10705,Hironobu,Wynblatt,17/06/1963,M,Senior Staff,83673,15/07/2002,01/01/9999
10706,Gonzalo,Eldridge,11/10/1959,M,Technique Leader,56139,01/05/2000,08/04/2001
10707,Moty,Trystram,04/06/1957,M,Engineer,49504,21/12/2001,01/01/9999
10708,Aral,Erman,02/07/1959,M,Staff,43514,08/11/2001,01/01/9999
10709,Jiafu,Mateescu,06/01/1961,F,Engineer,40000,29/01/2002,01/01/9999
10710,Sorina,Kermarrec,25/12/1962,M,Senior Staff,78877,07/07/2002,01/01/9999
10711,Arvind,DuBourdieux,20/06/1963,F,Engineer,41824,18/06/2002,01/01/9999
10712,Uma,Koprowski,12/04/1952,F,Engineer,40000,16/08/2001,01/01/9999
10713,Jagoda,Naumovich,14/04/1959,M,Senior Staff,70575,22/04/2000,21/02/2001
10714,Aran,Sadowsky,28/09/1960,M,Engineer,48821,23/11/2001,01/01/9999
10715,Goa,Poehlman,21/11/1959,M,Engineer,42323,27/10/2001,01/01/9999
10716,Aiman,Constantine,08/10/1963,M,Engineer,44101,08/08/2001,01/01/9999
10717,Serap,Tasistro,27/01/1956,M,Senior Staff,57525,10/09/2001,01/01/9999
10718,Adib,Rullman,19/12/1955,M,Engineer,75473,18/07/2002,01/01/9999
10719,Guenter,Karunanithi,26/09/1959,F,Assistant Engineer,40000,04/09/1998,31/07/1999
10720,Odinaldo,Kruskal,17/06/1956,M,Senior Staff,45832,25/06/2002,01/01/9999
10721,Bernd,Redmiles,12/07/1964,F,Staff,40000,14/07/2002,01/01/9999
10722,Dung,Gornas,03/10/1960,M,Senior Staff,70199,15/01/2000,14/04/2000
10723,Eckart,Harnett,14/01/1964,F,Technique Leader,40000,13/07/2002,01/01/9999
10724,Aluzio,Narlikar,06/10/1957,M,Engineer,42347,05/12/2001,01/01/9999
10725,Garnet,Isard,22/10/1958,M,Senior Staff,79207,05/09/2001,01/01/9999
10726,Zita,Minakawa,11/01/1954,F,Engineer,46315,22/02/2002,01/01/9999
10727,Saeed,Kitai,16/06/1959,F,Senior Staff,58253,06/01/2000,06/06/2000
10728,Ugo,Maliniak,17/11/1958,F,Engineer,40000,06/12/2001,01/01/9999
10729,Percy,Lorho,24/05/1961,F,Senior Engineer,40000,16/04/2002,01/01/9999
10730,Mohit,Janetzko,22/07/1962,M,Senior Engineer,62107,14/05/1998,07/06/1998
10731,Fumitaka,Peak,17/11/1952,M,Senior Staff,77892,17/02/2000,09/10/2000
10732,Morris,Andreotta,22/04/1962,F,Senior Engineer,40000,19/12/2001,01/01/9999
10733,Sangeeta,Rodham,06/04/1962,F,Senior Staff,48013,18/02/2002,01/01/9999
10734,Sachar,Erdi,06/07/1954,M,Engineer,47377,17/12/2001,01/01/9999
10735,Morrie,Gewali,12/09/1964,M,Senior Staff,40000,25/10/2001,01/01/9999
10736,Gurbir,Hellwagner,09/07/1962,F,Senior Engineer,40000,23/09/2001,01/01/9999
10737,Vincent,Schwartzbauer,10/10/1960,M,Engineer,73505,21/06/2002,01/01/9999
10738,Rosita,Oppitz,08/10/1963,M,Technique Leader,53510,27/04/2002,01/01/9999
10739,Gor,Iacovou,11/02/1961,F,Assistant Engineer,40000,26/03/2002,01/01/9999
10740,Suzette,Sadowski,19/04/1956,M,Engineer,62138,29/04/2001,17/03/2002
10741,Sven,Huttel,02/01/1954,F,Senior Staff,50265,03/01/2002,01/01/9999
10742,Shim,Wiegley,13/03/1955,M,Technique Leader,67405,02/04/2002,01/01/9999
10743,Kiyomitsu,Peltason,26/12/1963,M,Staff,77435,04/11/2001,01/01/9999
10744,Yaghout,Syang,17/02/1957,M,Staff,89495,28/12/1991,03/06/1992
10745,Poorav,Ranze,23/10/1953,F,Engineer,40000,19/01/2002,01/01/9999
10746,Kolar,Usery,29/12/1958,F,Technique Leader,40000,28/08/2001,01/01/9999
10747,Falguni,Khalid,02/02/1955,M,Senior Engineer,51538,06/10/1998,20/09/1999
10748,Yuchang,Francisci,12/04/1964,F,Senior Staff,54532,11/08/2001,01/01/9999
10749,King,Brendel,21/08/1955,M,Engineer,60829,22/09/2001,01/01/9999
10750,Roddy,Demeyer,14/06/1953,F,Technique Leader,40000,05/11/2001,01/01/9999
10751,Jordanka,Ushiama,02/12/1952,M,Engineer,50052,14/12/1999,05/12/2000
10752,Byong,Conde,18/07/1964,M,Senior Engineer,40000,26/05/2002,01/01/9999
10753,Pradeep,Harbusch,30/09/1958,F,Engineer,59507,14/05/1999,25/08/1999
10754,Chenyi,Feinberg,08/09/1956,M,Senior Staff,61081,07/01/2002,01/01/9999
10755,Odysseas,Ressouche,10/06/1962,M,Assistant Engineer,40000,30/03/2001,13/11/2001
10756,Paddy,Brizzi,24/06/1958,M,Senior Engineer,40000,06/10/2001,01/01/9999
10757,Florina,Simkin,11/01/1961,M,Engineer,49134,05/01/1991,18/10/1991
10758,Fumiyo,Boyle,26/11/1962,F,Engineer,54186,30/06/2002,01/01/9999
10759,JiYoung,Chenney,12/04/1956,M,Technique Leader,40000,01/12/2001,01/01/9999
10760,Phillip,Dratva,27/05/1963,M,Senior Staff,40000,21/08/2001,01/01/9999
10761,Sumali,Liedekerke,10/04/1959,M,Staff,49974,29/05/1998,04/01/1999
10762,Lech,Himler,19/01/1965,M,Senior Staff,52172,18/01/2002,01/01/9999
10763,Giap,Bolsens,15/04/1962,M,Engineer,70160,19/02/2002,01/01/9999
10764,Yunming,Beetstra,12/01/1953,F,Engineer,70720,24/11/2001,01/01/9999
10765,Goetz,Norsworthy,24/02/1961,M,Staff,54339,07/05/1994,11/05/1994
10766,Nathalie,Standera,10/06/1964,M,Staff,40000,17/09/2001,01/01/9999
10767,Monique,Doering,28/02/1954,F,Staff,40651,14/07/2002,01/01/9999
10768,Ishfaq,Candan,24/06/1955,M,Engineer,65717,30/06/2002,01/01/9999
10769,Vishv,Bouloucos,02/11/1962,M,Technique Leader,70229,27/08/2001,01/01/9999
10770,Bedir,Perry,18/06/1956,F,Senior Staff,63401,24/12/1988,27/02/1989
10771,Guiseppe,Kleiser,10/05/1960,F,Senior Staff,42658,31/03/2002,01/01/9999
10772,Munehiro,Dayana,21/01/1956,M,Senior Engineer,40000,19/02/2002,01/01/9999
10773,Avishai,Bahr,11/07/1960,F,Staff,40000,09/02/1997,29/11/1997
10774,Jacqueline,Masand,03/10/1958,M,Engineer,47119,23/01/2002,01/01/9999
10775,Xiaoheng,Sluis,12/03/1956,M,Engineer,43898,28/12/2001,01/01/9999
10776,Mahmut,Skafidas,27/01/1958,F,Technique Leader,58145,12/03/2002,01/01/9999
10777,Mizuhito,Kemmerer,11/08/1955,F,Engineer,40000,14/03/2001,27/03/2001
10778,Selwyn,Merey,13/03/1953,M,Senior Staff,64996,30/06/2002,01/01/9999
10779,Mori,Yavatkar,09/07/1961,F,Senior Staff,47332,07/01/2002,01/01/9999
10780,Goncalo,Staudhammer,12/09/1955,M,Engineer,43654,31/07/1996,18/08/1996
10781,Patricio,Leuchs,19/09/1958,M,Senior Staff,40000,01/02/2002,01/01/9999
10782,Kish,Perna,18/09/1952,F,Staff,40000,05/07/2001,30/03/2002
10783,Moty,Kenevan,13/11/1963,M,Senior Staff,40000,13/05/2002,01/01/9999
10784,Weijing,Bottner,27/01/1957,F,Assistant Engineer,43003,13/10/2001,01/01/9999
10785,Keiichiro,Marzano,09/02/1963,M,Engineer,46165,09/11/2001,01/01/9999
10786,Patricia,dAstous,19/05/1964,M,Senior Engineer,40000,05/06/2002,01/01/9999
10787,Shiv,Neimat,10/07/1958,F,Senior Staff,51707,16/07/2002,27/07/2002
10788,Frazer,Ullian,28/06/1963,M,Staff,54887,28/05/2002,01/01/9999
10789,Aruna,Journel,19/05/1964,F,Staff,40000,25/01/2002,01/01/9999
10790,Yurij,Schonegge,01/04/1962,M,Engineer,62801,01/03/2002,01/01/9999
10791,Tadahiko,Sgarro,27/05/1954,M,Engineer,40000,27/07/2002,01/01/9999
10792,Chinya,Birdsall,04/09/1962,M,Engineer,63324,08/08/1993,20/12/1993
10793,Oksana,Roisin,27/08/1960,F,Senior Engineer,40000,15/09/2001,01/01/9999
10794,Teunis,Berztiss,26/06/1962,M,Senior Staff,43485,22/05/2002,01/01/9999
10795,Supot,Naudin,14/12/1954,M,Senior Staff,84206,01/05/2002,01/01/9999
10796,Khoa,Rousseau,30/06/1959,M,Technique Leader,41785,05/11/2001,01/01/9999
10797,Goetz,Hiyoshi,04/10/1956,F,Assistant Engineer,41005,18/08/2001,01/01/9999
10798,Elliott,Bednarek,18/07/1961,M,Engineer,48210,20/09/2001,01/01/9999
10799,Gad,Griswold,21/11/1957,F,Engineer,50539,26/02/2002,01/01/9999
10800,Yuchang,Matzke,15/12/1961,M,Engineer,40000,18/05/2002,01/01/9999
10801,Uinam,Zschoche,05/03/1953,M,Engineer,67302,06/04/2000,15/01/2001
10802,Masato,Setlzner,27/10/1960,M,Engineer,40000,20/08/2001,01/01/9999
10803,Katsuyuki,Velasco,15/09/1952,F,Engineer,54260,17/04/2001,02/04/2002
10804,Terresa,Benantar,20/02/1964,M,Staff,40000,08/06/2002,01/01/9999
10805,Kerhong,Bernick,12/09/1959,F,Senior Staff,48778,22/05/2002,01/01/9999
10806,Giap,Matzel,17/10/1958,M,Senior Staff,63146,23/04/2002,01/01/9999
10807,Munehiro,Zallocco,23/06/1964,F,Senior Staff,60203,18/10/2001,01/01/9999
10808,Chenxi,Leijenhorst,11/09/1955,M,Senior Engineer,40000,03/03/2002,01/01/9999
10809,Shim,Feldhoffer,06/01/1962,F,Engineer,40485,21/02/2002,01/01/9999
10810,Lijie,Lunn,23/10/1957,F,Senior Staff,56062,05/09/2001,01/01/9999
10811,Ashish,Fortenbacher,29/06/1954,M,Engineer,40000,07/07/2002,01/01/9999
10812,Berthier,Menhoudj,14/09/1957,F,Engineer,49418,20/09/1997,06/10/1997
10813,Shalesh,Shumilov,04/07/1954,M,Senior Staff,53246,24/04/2002,01/01/9999
10814,Nidapan,Dymetman,17/09/1952,F,Senior Staff,59378,15/07/2002,01/01/9999
10815,Renny,Pramanik,12/11/1960,M,Senior Staff,40000,17/04/2002,01/01/9999
10816,Morris,Caine,24/02/1958,F,Senior Staff,50240,19/05/2002,01/01/9999
10817,Uri,Rullman,02/10/1958,F,Senior Staff,54602,23/12/2001,01/01/9999
10818,Huan,Monarch,20/12/1958,M,Staff,40000,08/04/2002,01/01/9999
10819,Pascal,Sooriamurthi,19/02/1957,M,Engineer,54631,30/07/1999,28/12/1999
10820,Baocai,Pena,12/11/1956,F,Senior Staff,62182,24/06/2002,01/01/9999
10821,Irena,Schurmann,14/04/1959,M,Engineer,40000,06/10/1989,17/04/1990
10822,Masaru,Passino,02/08/1956,F,Engineer,40110,07/01/2002,01/01/9999
10823,Arfst,Mikschl,13/06/1956,M,Staff,40000,18/08/2001,01/01/9999
10824,Kirk,Kalsbeek,20/09/1958,M,Staff,48813,30/07/2002,01/01/9999
10825,Fan,Fairtlough,27/03/1958,M,Engineer,62199,02/12/2001,01/01/9999
10826,Arnd,Anandan,06/12/1952,M,Senior Engineer,59506,20/01/2002,01/01/9999
10827,Willard,Danley,25/09/1953,M,Staff,58322,06/11/2001,01/01/9999
10828,Godehard,Gammage,12/10/1962,M,Staff,56559,13/02/1990,30/03/1990
10829,Alper,Narahara,11/07/1955,F,Staff,40000,21/07/1993,29/11/1993
10830,Fen,Fiebach,17/08/1954,M,Senior Staff,47420,21/08/2001,01/01/9999
10831,Toong,Driscoll,11/10/1953,M,Technique Leader,82330,21/02/2002,01/01/9999
10832,Hidde,Bergere,29/08/1964,F,Senior Staff,69585,07/10/2001,01/01/9999
10833,Krisda,Gecseg,12/04/1953,F,Technique Leader,40000,22/12/2001,01/01/9999
10834,Huiqun,Rajcani,16/12/1954,M,Assistant Engineer,53869,21/11/2001,01/01/9999
10835,Tomoyuki,Kermarrec,23/11/1952,M,Engineer,40000,20/08/2001,01/01/9999
10836,Jianhua,Leivant,15/07/1953,F,Senior Staff,65502,06/08/2001,01/01/9999
10837,Chuanti,Karlin,06/02/1957,M,Senior Staff,80879,10/01/2002,22/02/2002
10838,Deniz,Ramras,19/10/1957,M,Engineer,54762,24/04/2002,01/01/9999
10839,Gurbir,Katiyar,02/04/1964,M,Assistant Engineer,47625,29/12/2001,01/01/9999
10840,Mohammad,Koshino,26/04/1961,M,Engineer,40000,02/06/2002,01/01/9999
10841,Pranav,Lieberherr,14/10/1961,M,Senior Staff,40000,19/01/2002,01/01/9999
10842,Berni,Sanella,29/08/1961,F,Engineer,50760,11/07/1997,27/06/1998
10843,Honesty,Smeets,05/09/1961,M,Engineer,40000,23/04/2002,01/01/9999
10844,Dipayan,Koprowski,03/02/1954,M,Engineer,40000,24/04/2002,01/01/9999
10845,Hidde,Tasistro,24/12/1960,F,Engineer,71307,24/01/2002,01/01/9999
10846,Tokuyasu,Serre,27/06/1952,M,Senior Engineer,40000,15/01/2002,01/01/9999
10847,Theirry,Danley,04/03/1952,M,Senior Staff,40000,21/07/2002,01/01/9999
10848,Fen,Bratsberg,16/07/1954,F,Engineer,50475,16/04/2002,01/01/9999
10849,Makato,Mayerwieser,05/03/1953,M,Assistant Engineer,66065,23/06/2002,01/01/9999
10850,Florina,Schapire,01/01/1963,F,Staff,64525,21/04/1995,11/05/1995
10851,Piyawadee,Copas,15/11/1959,M,Senior Staff,46644,19/11/2001,01/01/9999
10852,Hercules,Munck,24/11/1959,F,Technique Leader,68153,20/08/2001,01/01/9999
10853,Yoshinari,Kalloufi,22/03/1964,F,Technique Leader,53029,01/05/2002,01/01/9999
10854,Jagoda,Nannarelli,11/08/1954,M,Engineer,40000,12/07/2002,01/01/9999
10855,Kwangho,Reinhart,07/08/1957,M,Senior Staff,40000,27/03/2002,01/01/9999
10856,Sreenivas,Peck,13/03/1964,F,Staff,42965,30/12/1989,18/06/1990
10857,Fusako,Stenning,11/06/1957,F,Senior Staff,61549,31/03/2002,01/01/9999
10858,Kenroku,Gonthier,01/10/1952,M,Engineer,47847,31/12/2001,01/01/9999
10859,King,Bernini,16/10/1961,F,Staff,65600,20/05/2002,01/01/9999
10860,Gino,Werthner,05/11/1961,M,Technique Leader,40000,21/01/2002,01/01/9999
10861,Howell,Baek,27/02/1962,M,Senior Engineer,40000,10/06/1991,12/04/1992
10862,Zhenbing,Kadhim,19/01/1956,F,Senior Staff,81455,19/07/2002,01/01/9999
10863,Byong,Bhattacharjee,05/08/1962,M,Engineer,47486,21/12/2001,01/01/9999
10864,Elliott,Spieker,07/01/1958,F,Senior Staff,63243,21/09/2001,01/01/9999
10865,Danco,Etalle,16/03/1961,M,Staff,76287,29/05/1993,19/09/1993
10866,Fayez,Yeung,13/12/1959,F,Senior Staff,52131,24/12/2001,01/01/9999
10867,Billur,Gyorkos,01/10/1952,M,Engineer,40000,22/03/2002,22/03/2002
10868,Houman,Unno,11/05/1959,F,Engineer,54496,17/03/2002,01/01/9999
10869,Guangming,Jonsson,09/10/1962,F,Staff,40000,04/09/1998,15/10/1998
10870,Shahid,Leppanen,23/07/1956,F,Senior Engineer,57493,09/01/2002,01/01/9999
10871,Aram,Gilg,24/10/1952,M,Staff,40000,15/06/2002,01/01/9999
10872,Karoline,Speel,21/02/1952,F,Senior Staff,40000,03/09/2001,01/01/9999
10873,Sukumar,Wegerle,09/07/1952,M,Staff,65835,21/03/2002,01/01/9999
10874,Mahmut,Borstler,18/01/1958,M,Engineer,56071,18/04/2002,01/01/9999
10875,Filipp,Suri,27/10/1958,F,Senior Engineer,40000,16/05/2002,01/01/9999
10876,Vincent,Papastamatiou,05/08/1955,F,Staff,61389,28/01/1999,14/09/1999
10877,Subir,Biron,11/09/1964,M,Senior Staff,52537,02/06/2002,01/01/9999
10878,Lakshmi,Deville,13/06/1952,M,Staff,72102,24/04/2002,01/01/9999
10879,Muzhong,Chleq,18/08/1953,F,Senior Engineer,65651,11/08/2001,01/01/9999
10880,Weiye,Nitsche,11/02/1962,M,Engineer,42551,08/01/2002,01/01/9999
10881,Katsuo,Miake,13/06/1959,M,Engineer,40000,18/02/1998,25/10/1998
10882,Fun,Heuser,01/11/1953,M,Engineer,40000,28/04/2002,01/01/9999
10883,Shimshon,Champarnaud,30/07/1952,M,Engineer,40000,27/12/2001,01/01/9999
10884,Teunis,Kleiser,07/03/1958,F,Engineer,41750,13/04/2002,01/01/9999
10885,Rayond,Cronau,06/05/1953,M,Senior Staff,78613,16/08/2001,01/01/9999
10886,Sushant,Begiun,30/09/1964,M,Engineer,40000,24/03/2002,01/01/9999
10887,Lunjin,DeMori,16/01/1953,M,Senior Engineer,69570,14/03/2002,01/01/9999
10888,Kwangho,Dredge,15/03/1959,F,Engineer,44183,27/06/1989,11/09/1989
10889,Cheong,Coors,21/06/1956,F,Senior Staff,61892,07/08/2001,01/01/9999
10890,Ramzi,Furudate,13/04/1963,M,Senior Staff,67703,07/03/2002,01/01/9999
10891,Susanne,Jiang,15/12/1963,F,Assistant Engineer,40000,04/10/2001,01/01/9999
10892,Kazunori,Vieth,13/12/1959,M,Senior Staff,40000,08/04/2002,01/01/9999
10893,Danil,Kropatsch,30/01/1960,M,Senior Staff,79803,20/08/2001,01/01/9999
10894,Suebskul,Srimani,21/08/1958,F,Engineer,56923,03/12/2001,01/01/9999
10895,Vishwani,Petersohn,21/03/1952,M,Staff,67103,26/04/1986,13/04/1987
10896,Adil,Taubenfeld,12/04/1964,M,Engineer,40000,26/11/2001,01/01/9999
10897,Arno,Kumaresan,27/05/1958,F,Senior Staff,92925,04/04/2002,01/01/9999
10898,Munenori,Markovitch,10/11/1961,F,Senior Engineer,57590,06/01/2002,01/01/9999
10899,Valery,Rousseau,11/05/1962,F,Senior Staff,51956,01/04/2002,01/01/9999
10900,Ferdinand,Prenel,18/07/1955,F,Senior Engineer,50054,05/09/2001,01/01/9999
10901,Chrisa,Narahara,12/06/1959,M,Staff,46600,04/08/2001,01/01/9999
10902,Inderjeet,Perly,09/05/1964,M,Assistant Engineer,44359,11/06/1990,25/09/1990
10903,Visit,Nyanchama,04/06/1958,M,Senior Staff,48377,11/02/2002,01/01/9999
10904,Debatosh,Colorni,28/08/1959,F,Engineer,54328,14/04/2002,01/01/9999
10905,Jianhui,Aloia,30/04/1961,M,Senior Engineer,40000,28/02/1986,07/03/1986
10906,Munehiro,Carrere,06/02/1952,F,Staff,66204,17/10/2001,01/01/9999
10907,JiYoung,Luks,26/09/1963,M,Senior Staff,40000,22/12/2001,01/01/9999
10908,Rajmohan,Koblick,27/11/1961,M,Senior Staff,40000,01/04/2002,01/01/9999
10909,Georgi,Atchley,11/11/1954,M,Engineer,80935,24/12/2001,01/01/9999
10910,Arco,Jervis,11/11/1958,M,Senior Staff,40000,30/08/2001,01/01/9999
10911,Shay,Casley,22/07/1959,M,Senior Engineer,78637,22/06/2002,01/01/9999
10912,Oscal,Fasbender,27/07/1952,M,Senior Staff,45665,20/04/1999,26/09/1999
10913,Narain,Thummel,03/09/1952,M,Staff,62428,24/10/2001,01/01/9999
10914,Mizuhito,Prochazka,26/04/1956,M,Staff,55565,24/03/1998,01/09/1998
10915,Valery,Skafidas,11/03/1961,M,Senior Engineer,70564,27/10/2001,01/01/9999
10916,Make,Spataro,03/01/1962,M,Engineer,47842,11/03/2002,01/01/9999
10917,Tesuya,Slaats,10/05/1956,F,Engineer,75182,28/01/2002,01/01/9999
10918,Susumu,Reghbati,26/12/1954,M,Staff,59521,29/01/1990,10/10/1990
10919,Reinhard,Lindenbaum,04/09/1961,M,Staff,88498,28/10/2001,01/01/9999
10920,Ronghao,Narahara,08/04/1955,M,Senior Staff,40000,21/02/2002,01/01/9999
10921,Mara,Bahi,20/07/1955,F,Engineer,72601,23/07/2002,01/01/9999
10922,Kyoichi,Wossner,27/10/1953,M,Staff,51997,01/02/1998,16/01/1999
10923,Younwoo,Maquelin,29/04/1957,M,Senior Staff,51933,05/04/2002,01/01/9999
10924,Hironoby,Atchley,27/04/1954,F,Senior Staff,84783,11/08/2001,01/01/9999
10925,Heng,Waterhouse,13/02/1960,F,Technique Leader,40000,08/06/2002,01/01/9999
10926,Leni,Eppinger,13/10/1954,F,Engineer,43219,27/04/2002,01/01/9999
10927,Gal,Scallan,13/03/1953,M,Senior Staff,51819,08/09/2001,01/01/9999
10928,Udaiprakash,Schmezko,01/11/1961,M,Senior Staff,40000,04/04/2002,01/01/9999
10929,Sumali,Arlazarov,26/10/1958,M,Senior Staff,40000,12/04/2002,01/01/9999
10930,Arch,Minakawa,13/01/1954,M,Engineer,53785,19/11/2001,01/01/9999
10931,Abdulla,Beutelspacher,30/06/1963,F,Technique Leader,63662,13/06/1999,19/09/1999
10932,Avishai,Picci,19/11/1955,F,Engineer,40000,07/09/2001,01/01/9999
10933,Juyoung,Seghrouchni,24/01/1965,F,Senior Engineer,40000,31/07/2002,01/01/9999
10934,Bartek,Strooper,21/05/1960,F,Staff,48342,15/09/2001,01/01/9999
10935,Morris,Famili,09/08/1961,M,Staff,52007,15/10/2001,01/01/9999
10936,Mountaz,Schicker,08/04/1953,F,Senior Staff,40000,06/05/2002,01/01/9999
10937,Anyuan,Nanard,11/09/1964,M,Engineer,40000,13/06/2002,01/01/9999
10938,Shaowei,Iisaku,11/05/1958,F,Senior Staff,68677,20/09/2001,01/01/9999
10939,Matk,Akazan,13/07/1964,M,Assistant Engineer,44203,10/12/2001,01/01/9999
10940,Aleksander,Fioravanti,07/01/1953,F,Engineer,74987,30/06/1999,02/12/1999
10941,Katsuyuki,Norsworthy,26/08/1960,M,Senior Staff,41721,20/08/2001,01/01/9999
10942,Toshimitsu,Larfeldt,08/08/1952,F,Engineer,40000,19/01/2002,01/01/9999
10943,Berna,Skafidas,19/11/1955,M,Engineer,45890,20/05/2002,01/01/9999
10944,Remko,Zyda,25/05/1952,M,Senior Engineer,42872,05/09/2001,01/01/9999
10945,Kazuhiro,Kushnir,25/09/1959,F,Engineer,48633,02/04/2002,01/01/9999
10946,Shaz,Kabayashi,08/09/1956,M,Staff,59531,25/10/2001,01/01/9999
10947,Gor,Usery,29/09/1954,F,Senior Staff,43068,14/11/2001,01/01/9999
10948,Shigehito,Brodie,23/12/1952,M,Senior Engineer,47252,30/09/1996,23/06/1997
10949,Shigeichiro,Wroclawski,14/08/1953,F,Senior Staff,58253,26/06/2002,01/01/9999
10950,Sushant,Staylopatis,07/12/1958,M,Senior Engineer,40000,08/06/1997,13/01/1998
10951,Marco,Iisaku,20/01/1962,M,Senior Staff,40000,03/07/2002,01/01/9999
10952,Inderjeet,Bharadwaj,26/08/1958,M,Senior Engineer,40000,22/07/1987,26/04/1988
10953,Jahangir,Laventhal,23/06/1956,F,Senior Staff,60970,08/02/2002,01/01/9999
10954,Ranga,Burnard,16/11/1964,F,Staff,40000,12/12/2001,01/01/9999
10955,Urs,Danley,24/02/1959,F,Senior Staff,97936,23/09/2001,01/01/9999
10956,Arno,Picel,02/02/1955,M,Engineer,40000,30/11/2001,01/01/9999
10957,Duke,Schnabel,06/06/1961,M,Senior Staff,50675,28/09/2001,01/01/9999
10958,Huican,Katalagarianos,07/11/1958,M,Engineer,56563,24/11/2001,01/01/9999
10959,Kerryn,Vigier,19/06/1956,M,Staff,76685,29/02/1996,12/04/1996
10960,Billur,Braunschweig,24/10/1959,M,Senior Staff,60491,05/07/2002,01/01/9999
10961,Weiwu,Choobineh,28/03/1957,M,Engineer,72047,02/11/2001,01/01/9999
10962,Naraig,Kugler,23/08/1956,F,Senior Staff,77274,12/12/2001,01/01/9999
10963,Hatsukazu,Swist,15/04/1957,M,Engineer,43878,12/01/1995,10/04/1995
10964,Takushi,Bolsens,02/04/1962,F,Senior Staff,70157,02/05/2002,01/01/9999
10965,Eckart,Braunschweig,10/07/1955,M,Senior Staff,61654,25/07/2002,01/01/9999
10966,Danel,Pardalos,04/07/1962,M,Staff,70464,04/02/2002,01/01/9999
10967,Eran,Adachi,01/10/1962,M,Engineer,40000,30/07/2002,01/01/9999
10968,Lakshmi,Kolinko,19/03/1961,M,Senior Staff,71593,07/08/2001,01/01/9999
10969,Premal,Noriega,05/09/1954,M,Senior Engineer,40000,10/05/2002,01/01/9999
10970,Gen,Tiemann,24/08/1962,F,Engineer,40000,12/11/2001,01/01/9999
10971,Isamu,Vadhan,08/02/1955,M,Technique Leader,52453,28/07/1998,24/10/1998
10972,Fumiko,Asser,05/10/1961,F,Engineer,40000,02/06/2002,01/01/9999
10973,Valdiodio,Raczkowsky,02/10/1961,M,Engineer,54616,02/03/2002,01/01/9999
10974,Muneo,Papsdorf,07/03/1952,M,Senior Engineer,56005,16/05/2002,01/01/9999
10975,Peternela,Birnbaum,27/07/1962,F,Engineer,40000,28/03/2002,01/01/9999
10976,Hitomi,Valette,27/01/1963,F,Technique Leader,40000,30/10/2001,01/01/9999
10977,Toong,Murrill,19/03/1957,M,Senior Staff,40000,10/08/1987,01/10/1987
10978,Huiqun,Bellone,24/09/1962,M,Engineer,48115,14/05/2002,01/01/9999
10979,Elrique,Raney,11/09/1959,F,Engineer,55955,23/01/2002,01/01/9999
10980,Filipp,Munawer,10/11/1963,M,Engineer,57614,01/01/2002,01/01/9999
10981,Sugwoo,Dulin,22/07/1956,F,Senior Staff,80674,05/07/2002,01/01/9999
10982,Yishay,Decleir,27/02/1964,M,Senior Staff,46503,08/11/2001,01/01/9999
10983,Somnath,Parascandalo,09/08/1961,F,Engineer,44062,18/02/2002,01/01/9999
10984,Pranjal,Billawala,10/11/1962,F,Senior Engineer,46645,08/07/1992,14/05/1993
10985,Chiradeep,Furedi,31/05/1952,F,Engineer,40000,11/02/1999,10/03/1999
10986,Masako,Schiper,11/08/1954,M,Technique Leader,43900,07/10/2001,01/01/9999
10987,Flemming,Baezner,26/11/1952,M,Engineer,46108,20/05/2002,01/01/9999
10988,Chinya,Deyuan,24/06/1955,M,Senior Engineer,54174,15/06/2002,01/01/9999
10989,Sumali,Candan,08/09/1954,F,Senior Staff,46406,16/07/2002,01/01/9999
10990,Shin,Foote,22/10/1954,M,Technique Leader,40000,03/08/2001,01/01/9999
10991,Munehiro,Aingworth,22/05/1957,M,Engineer,55946,12/07/2002,01/01/9999
10992,Zhensheng,Juneja,26/11/1958,M,Engineer,74318,26/04/2002,01/01/9999
10993,Arve,Erde,17/11/1958,F,Engineer,40000,27/05/2002,01/01/9999
10994,Divine,Aingworth,17/06/1961,M,Assistant Engineer,41471,28/06/1988,24/05/1989
10995,Chenye,Hertweck,26/02/1963,F,Senior Staff,40000,18/07/2002,01/01/9999
10996,Matk,Rahimi,01/02/1955,F,Senior Staff,43564,04/02/2002,01/01/9999
10997,Alselm,Parascandalo,30/08/1959,F,Technique Leader,40000,03/01/2002,01/01/9999
10998,Marlo,Kandlur,17/02/1956,M,Staff,62861,06/08/2001,01/01/9999
10999,Insup,Benveniste,04/12/1961,F,Technique Leader,55946,05/03/1997,19/04/1997
11000,Alain,Bonifati,12/09/1960,M,Senior Engineer,54654,26/01/2002,01/01/9999
